gene_order,gene
1,A1BG
2,A1CF
3,A2M
4,A2ML1
5,A4GALT
6,A4GNT
7,AAAS
8,AACS
9,AADAC
10,AADACL2
11,AADACL3
12,AADACL4
13,AADAT
14,AAGAB
15,AAK1
16,AAMP
17,AANAT
18,AARS
19,AARS2
20,AARSD1
21,AASDH
22,AASDHPPT
23,AASS
24,AATF
25,AATK
26,ABAT
27,ABCA1
28,ABCA10
29,ABCA12
30,ABCA13
31,ABCA2
32,ABCA3
33,ABCA4
34,ABCA5
35,ABCA6
36,ABCA7
37,ABCA8
38,ABCA9
39,ABCB1
40,ABCB10
41,ABCB11
42,ABCB4
43,ABCB5
44,ABCB6
45,ABCB7
46,ABCB8
47,ABCB9
48,ABCC1
49,ABCC10
50,ABCC11
51,ABCC12
52,ABCC2
53,ABCC3
54,ABCC4
55,ABCC5
56,ABCC6
57,ABCC8
58,ABCC9
59,ABCD1
60,ABCD2
61,ABCD3
62,ABCD4
63,ABCE1
64,ABCF1
65,ABCF2
66,ABCF3
67,ABCG1
68,ABCG2
69,ABCG4
70,ABCG5
71,ABCG8
72,ABHD1
73,ABHD10
74,ABHD11
75,ABHD12
76,ABHD12B
77,ABHD13
78,ABHD14A
79,ABHD14B
80,ABHD15
81,ABHD16A
82,ABHD16B
83,ABHD2
84,ABHD3
85,ABHD4
86,ABHD5
87,ABHD6
88,ABHD8
89,ABI1
90,ABI2
91,ABI3
92,ABI3BP
93,ABL1
94,ABL2
95,ABLIM1
96,ABLIM2
97,ABLIM3
98,ABO
99,ABR
100,ABRA
101,ABT1
102,ABTB1
103,ABTB2
104,ACAA1
105,ACAA2
106,ACACA
107,ACACB
108,ACAD10
109,ACAD11
110,ACAD8
111,ACAD9
112,ACADL
113,ACADM
114,ACADS
115,ACADSB
116,ACADVL
117,ACAN
118,ACAP1
119,ACAP2
120,ACAP3
121,ACAT1
122,ACAT2
123,ACBD3
124,ACBD4
125,ACBD5
126,ACBD6
127,ACBD7
128,ACCS
129,ACCSL
130,ACD
131,ACE
132,ACE2
133,ACER1
134,ACER2
135,ACER3
136,ACHE
137,ACIN1
138,ACLY
139,ACMSD
140,ACN9
141,ACO1
142,ACO2
143,ACOT1
144,ACOT11
145,ACOT12
146,ACOT13
147,ACOT2
148,ACOT4
149,ACOT6
150,ACOT7
151,ACOT8
152,ACOT9
153,ACOX1
154,ACOX2
155,ACOX3
156,ACOXL
157,ACP1
158,ACP2
159,ACP5
160,ACP6
161,ACPL2
162,ACPP
163,ACPT
164,ACR
165,ACRBP
166,ACRC
167,ACRV1
168,ACSBG1
169,ACSBG2
170,ACSF2
171,ACSF3
172,ACSL1
173,ACSL3
174,ACSL4
175,ACSL5
176,ACSL6
177,ACSM1
178,ACSM2A
179,ACSM2B
180,ACSM3
181,ACSM4
182,ACSM5
183,ACSS1
184,ACSS2
185,ACSS3
186,ACTA1
187,ACTA2
188,ACTB
189,ACTBL2
190,ACTC1
191,ACTG1
192,ACTG2
193,ACTL10
194,ACTL6A
195,ACTL6B
196,ACTL7A
197,ACTL7B
198,ACTL8
199,ACTL9
200,ACTN1
201,ACTN2
202,ACTN3
203,ACTN4
204,ACTR10
205,ACTR1A
206,ACTR1B
207,ACTR2
208,ACTR3
209,ACTR3B
210,ACTR3C
211,ACTR5
212,ACTR6
213,ACTR8
214,ACTRT1
215,ACTRT2
216,ACVR1
217,ACVR1B
218,ACVR1C
219,ACVR2A
220,ACVR2B
221,ACVRL1
222,ACY1
223,ACY3
224,ACYP1
225,ACYP2
226,ADA
227,ADAD1
228,ADAD2
229,ADAL
230,ADAM10
231,ADAM11
232,ADAM12
233,ADAM15
234,ADAM17
235,ADAM18
236,ADAM19
237,ADAM2
238,ADAM20
239,ADAM21
240,ADAM22
241,ADAM23
242,ADAM28
243,ADAM29
244,ADAM30
245,ADAM32
246,ADAM33
247,ADAM7
248,ADAM8
249,ADAM9
250,ADAMDEC1
251,ADAMTS1
252,ADAMTS10
253,ADAMTS12
254,ADAMTS13
255,ADAMTS14
256,ADAMTS15
257,ADAMTS16
258,ADAMTS17
259,ADAMTS18
260,ADAMTS19
261,ADAMTS2
262,ADAMTS20
263,ADAMTS3
264,ADAMTS4
265,ADAMTS5
266,ADAMTS6
267,ADAMTS7
268,ADAMTS8
269,ADAMTS9
270,ADAMTSL1
271,ADAMTSL2
272,ADAMTSL3
273,ADAMTSL4
274,ADAMTSL5
275,ADAP1
276,ADAP2
277,ADAR
278,ADARB1
279,ADARB2
280,ADAT1
281,ADAT2
282,ADAT3
283,ADC
284,ADCK1
285,ADCK2
286,ADCK3
287,ADCK4
288,ADCK5
289,ADCY1
290,ADCY10
291,ADCY2
292,ADCY3
293,ADCY4
294,ADCY5
295,ADCY6
296,ADCY7
297,ADCY8
298,ADCY9
299,ADCYAP1
300,ADCYAP1R1
301,ADD1
302,ADD2
303,ADD3
304,ADH1A
305,ADH1B
306,ADH1C
307,ADH4
308,ADH5
309,ADH6
310,ADH7
311,ADHFE1
312,ADI1
313,ADIG
314,ADIPOQ
315,ADIPOR1
316,ADIPOR2
317,ADK
318,ADM
319,ADM2
320,ADNP
321,ADNP2
322,ADO
323,ADORA1
324,ADORA2A
325,ADORA2B
326,ADORA3
327,ADPGK
328,ADPRH
329,ADPRHL1
330,ADPRHL2
331,ADRA1A
332,ADRA1B
333,ADRA1D
334,ADRA2A
335,ADRA2B
336,ADRA2C
337,ADRB1
338,ADRB2
339,ADRB3
340,ADRBK1
341,ADRBK2
342,ADRM1
343,ADSL
344,ADSS
345,ADSSL1
346,AEBP1
347,AEBP2
348,AEN
349,AES
350,AFAP1
351,AFAP1L1
352,AFAP1L2
353,AFF1
354,AFF2
355,AFF3
356,AFF4
357,AFG3L2
358,AFM
359,AFMID
360,AFP
361,AFTPH
362,AGA
363,AGAP1
364,AGAP11
365,AGAP2
366,AGAP3
367,AGAP5
368,AGAP6
369,AGAP7
370,AGAP8
371,AGAP9
372,AGBL1
373,AGBL2
374,AGBL3
375,AGBL4
376,AGBL5
377,AGER
378,AGFG1
379,AGFG2
380,AGGF1
381,AGK
382,AGL
383,AGMAT
384,AGMO
385,AGPAT1
386,AGPAT2
387,AGPAT3
388,AGPAT4
389,AGPAT5
390,AGPAT6
391,AGPAT9
392,AGPS
393,AGR2
394,AGR3
395,AGRN
396,AGRP
397,AGT
398,AGTPBP1
399,AGTR1
400,AGTR2
401,AGTRAP
402,AGXT
403,AGXT2
404,AHCTF1
405,AHCY
406,AHCYL1
407,AHCYL2
408,AHDC1
409,AHI1
410,AHNAK
411,AHNAK2
412,AHR
413,AHRR
414,AHSA1
415,AHSA2
416,AHSG
417,AHSP
418,AICDA
419,AIDA
420,AIF1
421,AIF1L
422,AIFM1
423,AIFM2
424,AIFM3
425,AIG1
426,AIM1
427,AIM1L
428,AIM2
429,AIMP1
430,AIMP2
431,AIP
432,AIPL1
433,AIRE
434,AJAP1
435,AJUBA
436,AK1
437,AK2
438,AK3
439,AK4
440,AK5
441,AK7
442,AK8
443,AKAP1
444,AKAP10
445,AKAP11
446,AKAP12
447,AKAP13
448,AKAP14
449,AKAP17A
450,AKAP2
451,AKAP3
452,AKAP4
453,AKAP5
454,AKAP6
455,AKAP7
456,AKAP8
457,AKAP8L
458,AKAP9
459,AKIP1
460,AKIRIN1
461,AKIRIN2
462,AKNA
463,AKNAD1
464,AKR1A1
465,AKR1B1
466,AKR1B10
467,AKR1B15
468,AKR1C1
469,AKR1C2
470,AKR1C3
471,AKR1C4
472,AKR1D1
473,AKR1E2
474,AKR7A2
475,AKR7A3
476,AKT1
477,AKT1S1
478,AKT2
479,AKT3
480,AKTIP
481,ALAD
482,ALAS1
483,ALAS2
484,ALB
485,ALCAM
486,ALDH16A1
487,ALDH18A1
488,ALDH1A1
489,ALDH1A2
490,ALDH1A3
491,ALDH1B1
492,ALDH1L1
493,ALDH1L2
494,ALDH2
495,ALDH3A1
496,ALDH3A2
497,ALDH3B1
498,ALDH3B2
499,ALDH4A1
500,ALDH5A1
501,ALDH6A1
502,ALDH7A1
503,ALDH8A1
504,ALDH9A1
505,ALDOA
506,ALDOB
507,ALDOC
508,ALG1
509,ALG10
510,ALG10B
511,ALG11
512,ALG12
513,ALG13
514,ALG14
515,ALG1L
516,ALG1L2
517,ALG2
518,ALG3
519,ALG5
520,ALG6
521,ALG8
522,ALG9
523,ALK
524,ALKBH1
525,ALKBH2
526,ALKBH3
527,ALKBH4
528,ALKBH5
529,ALKBH6
530,ALKBH7
531,ALKBH8
532,ALLC
533,ALMS1
534,ALOX12
535,ALOX12B
536,ALOX15
537,ALOX15B
538,ALOX5
539,ALOX5AP
540,ALOXE3
541,ALPI
542,ALPK1
543,ALPK2
544,ALPK3
545,ALPL
546,ALPP
547,ALPPL2
548,ALS2
549,ALS2CL
550,ALS2CR11
551,ALS2CR12
552,ALX1
553,ALX3
554,ALX4
555,ALYREF
556,AMACR
557,AMBN
558,AMBP
559,AMBRA1
560,AMD1
561,AMDHD1
562,AMDHD2
563,AMELX
564,AMELY
565,AMFR
566,AMH
567,AMHR2
568,AMICA1
569,AMIGO1
570,AMIGO2
571,AMIGO3
572,AMMECR1
573,AMMECR1L
574,AMN
575,AMN1
576,AMOT
577,AMOTL1
578,AMOTL2
579,AMPD1
580,AMPD2
581,AMPD3
582,AMPH
583,AMT
584,AMTN
585,AMY1A
586,AMY1B
587,AMY1C
588,AMY2A
589,AMY2B
590,AMZ1
591,AMZ2
592,ANAPC1
593,ANAPC10
594,ANAPC11
595,ANAPC13
596,ANAPC16
597,ANAPC2
598,ANAPC4
599,ANAPC5
600,ANAPC7
601,ANG
602,ANGEL1
603,ANGEL2
604,ANGPT1
605,ANGPT2
606,ANGPT4
607,ANGPTL1
608,ANGPTL2
609,ANGPTL3
610,ANGPTL4
611,ANGPTL5
612,ANGPTL6
613,ANGPTL7
614,ANK1
615,ANK2
616,ANK3
617,ANKAR
618,ANKDD1A
619,ANKFN1
620,ANKFY1
621,ANKH
622,ANKHD1
623,ANKHD1-EIF4EBP3
624,ANKIB1
625,ANKK1
626,ANKLE1
627,ANKLE2
628,ANKMY1
629,ANKMY2
630,ANKRA2
631,ANKRD1
632,ANKRD10
633,ANKRD11
634,ANKRD12
635,ANKRD13A
636,ANKRD13B
637,ANKRD13C
638,ANKRD13D
639,ANKRD16
640,ANKRD17
641,ANKRD18A
642,ANKRD18B
643,ANKRD2
644,ANKRD20A1
645,ANKRD20A2
646,ANKRD20A3
647,ANKRD20A4
648,ANKRD22
649,ANKRD23
650,ANKRD24
651,ANKRD26
652,ANKRD27
653,ANKRD28
654,ANKRD29
655,ANKRD30A
656,ANKRD30B
657,ANKRD31
658,ANKRD32
659,ANKRD33
660,ANKRD33B
661,ANKRD34A
662,ANKRD34B
663,ANKRD34C
664,ANKRD35
665,ANKRD36
666,ANKRD36B
667,ANKRD37
668,ANKRD39
669,ANKRD40
670,ANKRD42
671,ANKRD44
672,ANKRD45
673,ANKRD46
674,ANKRD49
675,ANKRD50
676,ANKRD52
677,ANKRD53
678,ANKRD54
679,ANKRD55
680,ANKRD6
681,ANKRD63
682,ANKRD65
683,ANKRD7
684,ANKRD9
685,ANKS1A
686,ANKS1B
687,ANKS3
688,ANKS4B
689,ANKS6
690,ANKUB1
691,ANKZF1
692,ANLN
693,ANO1
694,ANO10
695,ANO2
696,ANO3
697,ANO4
698,ANO5
699,ANO6
700,ANO7
701,ANO8
702,ANO9
703,ANP32A
704,ANP32B
705,ANP32C
706,ANP32D
707,ANP32E
708,ANPEP
709,ANTXR1
710,ANTXR2
711,ANXA1
712,ANXA10
713,ANXA11
714,ANXA13
715,ANXA2
716,ANXA3
717,ANXA4
718,ANXA5
719,ANXA6
720,ANXA7
721,ANXA8
722,ANXA8L1
723,ANXA8L2
724,ANXA9
725,AOAH
726,AOC2
727,AOC3
728,AOX1
729,AP1AR
730,AP1B1
731,AP1G1
732,AP1G2
733,AP1M1
734,AP1M2
735,AP1S1
736,AP1S2
737,AP1S3
738,AP2A1
739,AP2A2
740,AP2B1
741,AP2M1
742,AP2S1
743,AP3B1
744,AP3B2
745,AP3D1
746,AP3M1
747,AP3M2
748,AP3S1
749,AP3S2
750,AP4B1
751,AP4E1
752,AP4M1
753,AP4S1
754,APAF1
755,APBA1
756,APBA2
757,APBA3
758,APBB1
759,APBB1IP
760,APBB2
761,APBB3
762,APC
763,APC2
764,APCDD1
765,APCDD1L
766,APCS
767,APEH
768,APEX1
769,APEX2
770,APH1A
771,APH1B
772,API5
773,APIP
774,APITD1
775,APITD1-CORT
776,APLF
777,APLN
778,APLNR
779,APLP1
780,APLP2
781,APOA1
782,APOA1BP
783,APOA2
784,APOA4
785,APOA5
786,APOB
787,APOBEC1
788,APOBEC2
789,APOBEC3A
790,APOBEC3B
791,APOBEC3C
792,APOBEC3D
793,APOBEC3F
794,APOBEC3G
795,APOBEC3H
796,APOBEC4
797,APOBR
798,APOC1
799,APOC3
800,APOD
801,APOE
802,APOF
803,APOH
804,APOL1
805,APOL2
806,APOL3
807,APOL4
808,APOL5
809,APOL6
810,APOLD1
811,APOM
812,APOO
813,APOOL
814,APOPT1
815,APP
816,APPBP2
817,APPL1
818,APPL2
819,APRT
820,APTX
821,AQP1
822,AQP10
823,AQP11
824,AQP12A
825,AQP12B
826,AQP2
827,AQP3
828,AQP4
829,AQP5
830,AQP6
831,AQP7
832,AQP8
833,AQP9
834,AQPEP
835,AQR
836,AR
837,ARAF
838,ARAP1
839,ARAP2
840,ARAP3
841,ARC
842,ARCN1
843,AREG
844,ARF1
845,ARF3
846,ARF4
847,ARF5
848,ARF6
849,ARFGAP1
850,ARFGAP2
851,ARFGAP3
852,ARFGEF1
853,ARFGEF2
854,ARFIP1
855,ARFIP2
856,ARFRP1
857,ARG1
858,ARG2
859,ARGFX
860,ARGLU1
861,ARHGAP1
862,ARHGAP10
863,ARHGAP11A
864,ARHGAP11B
865,ARHGAP12
866,ARHGAP15
867,ARHGAP17
868,ARHGAP18
869,ARHGAP19
870,ARHGAP20
871,ARHGAP21
872,ARHGAP22
873,ARHGAP23
874,ARHGAP24
875,ARHGAP25
876,ARHGAP26
877,ARHGAP27
878,ARHGAP28
879,ARHGAP29
880,ARHGAP30
881,ARHGAP31
882,ARHGAP32
883,ARHGAP33
884,ARHGAP35
885,ARHGAP36
886,ARHGAP39
887,ARHGAP4
888,ARHGAP40
889,ARHGAP42
890,ARHGAP44
891,ARHGAP5
892,ARHGAP6
893,ARHGAP8
894,ARHGAP9
895,ARHGDIA
896,ARHGDIB
897,ARHGDIG
898,ARHGEF1
899,ARHGEF10
900,ARHGEF10L
901,ARHGEF11
902,ARHGEF12
903,ARHGEF15
904,ARHGEF16
905,ARHGEF17
906,ARHGEF18
907,ARHGEF19
908,ARHGEF2
909,ARHGEF25
910,ARHGEF26
911,ARHGEF3
912,ARHGEF33
913,ARHGEF35
914,ARHGEF37
915,ARHGEF38
916,ARHGEF4
917,ARHGEF40
918,ARHGEF5
919,ARHGEF6
920,ARHGEF7
921,ARHGEF9
922,ARID1A
923,ARID1B
924,ARID2
925,ARID3A
926,ARID3B
927,ARID3C
928,ARID4A
929,ARID4B
930,ARID5A
931,ARID5B
932,ARIH1
933,ARIH2
934,ARL1
935,ARL10
936,ARL11
937,ARL13A
938,ARL13B
939,ARL14
940,ARL15
941,ARL16
942,ARL17A
943,ARL17B
944,ARL2
945,ARL2BP
946,ARL3
947,ARL4A
948,ARL4C
949,ARL4D
950,ARL5A
951,ARL5B
952,ARL5C
953,ARL6
954,ARL6IP1
955,ARL6IP4
956,ARL6IP5
957,ARL6IP6
958,ARL8A
959,ARL8B
960,ARL9
961,ARMC1
962,ARMC10
963,ARMC12
964,ARMC2
965,ARMC3
966,ARMC4
967,ARMC5
968,ARMC6
969,ARMC7
970,ARMC8
971,ARMC9
972,ARMCX1
973,ARMCX2
974,ARMCX3
975,ARMCX5
976,ARMCX5-GPRASP2
977,ARMCX6
978,ARMS2
979,ARNT
980,ARNT2
981,ARNTL
982,ARNTL2
983,ARPC1A
984,ARPC1B
985,ARPC2
986,ARPC3
987,ARPC4
988,ARPC4-TTLL3
989,ARPC5
990,ARPC5L
991,ARPP19
992,ARPP21
993,ARR3
994,ARRB1
995,ARRB2
996,ARRDC1
997,ARRDC2
998,ARRDC3
999,ARRDC4
1000,ARRDC5
1001,ARSA
1002,ARSB
1003,ARSD
1004,ARSE
1005,ARSF
1006,ARSG
1007,ARSH
1008,ARSI
1009,ARSJ
1010,ARSK
1011,ART1
1012,ART3
1013,ART4
1014,ART5
1015,ARTN
1016,ARV1
1017,ARVCF
1018,ARX
1019,AS3MT
1020,ASAH1
1021,ASAH2
1022,ASAH2B
1023,ASAP1
1024,ASAP2
1025,ASAP3
1026,ASB1
1027,ASB10
1028,ASB11
1029,ASB12
1030,ASB13
1031,ASB14
1032,ASB15
1033,ASB16
1034,ASB17
1035,ASB18
1036,ASB2
1037,ASB3
1038,ASB4
1039,ASB5
1040,ASB6
1041,ASB7
1042,ASB8
1043,ASB9
1044,ASCC1
1045,ASCC2
1046,ASCC3
1047,ASCL1
1048,ASCL2
1049,ASCL3
1050,ASCL4
1051,ASF1A
1052,ASF1B
1053,ASGR1
1054,ASGR2
1055,ASH1L
1056,ASH2L
1057,ASIP
1058,ASL
1059,ASMT
1060,ASMTL
1061,ASNA1
1062,ASNS
1063,ASNSD1
1064,ASPA
1065,ASPDH
1066,ASPG
1067,ASPH
1068,ASPHD1
1069,ASPHD2
1070,ASPM
1071,ASPN
1072,ASPRV1
1073,ASPSCR1
1074,ASRGL1
1075,ASS1
1076,ASTE1
1077,ASTL
1078,ASTN1
1079,ASTN2
1080,ASUN
1081,ASXL1
1082,ASXL2
1083,ASXL3
1084,ASZ1
1085,ATAD1
1086,ATAD2
1087,ATAD2B
1088,ATAD3A
1089,ATAD3B
1090,ATAD3C
1091,ATAD5
1092,ATAT1
1093,ATCAY
1094,ATE1
1095,ATF1
1096,ATF2
1097,ATF3
1098,ATF4
1099,ATF5
1100,ATF6
1101,ATF6B
1102,ATF7
1103,ATF7IP
1104,ATF7IP2
1105,ATG10
1106,ATG12
1107,ATG13
1108,ATG14
1109,ATG16L1
1110,ATG16L2
1111,ATG2A
1112,ATG2B
1113,ATG3
1114,ATG4A
1115,ATG4B
1116,ATG4C
1117,ATG4D
1118,ATG5
1119,ATG7
1120,ATG9A
1121,ATG9B
1122,ATHL1
1123,ATIC
1124,ATL1
1125,ATL2
1126,ATL3
1127,ATM
1128,ATMIN
1129,ATN1
1130,ATOH1
1131,ATOH7
1132,ATOH8
1133,ATOX1
1134,ATP10A
1135,ATP10B
1136,ATP10D
1137,ATP11A
1138,ATP11B
1139,ATP11C
1140,ATP12A
1141,ATP13A1
1142,ATP13A2
1143,ATP13A3
1144,ATP13A4
1145,ATP13A5
1146,ATP1A1
1147,ATP1A2
1148,ATP1A3
1149,ATP1A4
1150,ATP1B1
1151,ATP1B2
1152,ATP1B3
1153,ATP1B4
1154,ATP2A1
1155,ATP2A2
1156,ATP2A3
1157,ATP2B1
1158,ATP2B2
1159,ATP2B3
1160,ATP2B4
1161,ATP2C1
1162,ATP2C2
1163,ATP4A
1164,ATP4B
1165,ATP5A1
1166,ATP5B
1167,ATP5C1
1168,ATP5D
1169,ATP5E
1170,ATP5F1
1171,ATP5G1
1172,ATP5G2
1173,ATP5G3
1174,ATP5H
1175,ATP5I
1176,ATP5J
1177,ATP5J2
1178,ATP5J2-PTCD1
1179,ATP5L
1180,ATP5L2
1181,ATP5O
1182,ATP5S
1183,ATP5SL
1184,ATP6AP1
1185,ATP6AP1L
1186,ATP6AP2
1187,ATP6V0A1
1188,ATP6V0A2
1189,ATP6V0A4
1190,ATP6V0B
1191,ATP6V0C
1192,ATP6V0D1
1193,ATP6V0D2
1194,ATP6V0E1
1195,ATP6V0E2
1196,ATP6V1A
1197,ATP6V1B1
1198,ATP6V1B2
1199,ATP6V1C1
1200,ATP6V1C2
1201,ATP6V1D
1202,ATP6V1E1
1203,ATP6V1E2
1204,ATP6V1F
1205,ATP6V1G1
1206,ATP6V1G2
1207,ATP6V1G3
1208,ATP6V1H
1209,ATP7A
1210,ATP7B
1211,ATP8A1
1212,ATP8A2
1213,ATP8B1
1214,ATP8B2
1215,ATP8B3
1216,ATP8B4
1217,ATP9A
1218,ATP9B
1219,ATPAF1
1220,ATPAF2
1221,ATPIF1
1222,ATR
1223,ATRIP
1224,ATRN
1225,ATRNL1
1226,ATRX
1227,ATXN1
1228,ATXN10
1229,ATXN1L
1230,ATXN2
1231,ATXN2L
1232,ATXN3
1233,ATXN3L
1234,ATXN7
1235,ATXN7L1
1236,ATXN7L2
1237,ATXN7L3
1238,ATXN7L3B
1239,AUH
1240,AUP1
1241,AURKA
1242,AURKAIP1
1243,AURKB
1244,AURKC
1245,AUTS2
1246,AVEN
1247,AVIL
1248,AVL9
1249,AVP
1250,AVPI1
1251,AVPR1A
1252,AVPR1B
1253,AVPR2
1254,AWAT1
1255,AWAT2
1256,AXDND1
1257,AXIN1
1258,AXIN2
1259,AXL
1260,AZGP1
1261,AZI2
1262,AZIN1
1263,AZU1
1264,B2M
1265,B3GALNT1
1266,B3GALNT2
1267,B3GALT1
1268,B3GALT2
1269,B3GALT4
1270,B3GALT5
1271,B3GALT6
1272,B3GALTL
1273,B3GAT1
1274,B3GAT2
1275,B3GAT3
1276,B3GNT1
1277,B3GNT2
1278,B3GNT3
1279,B3GNT4
1280,B3GNT5
1281,B3GNT6
1282,B3GNT7
1283,B3GNT8
1284,B3GNT9
1285,B3GNTL1
1286,B4GALNT1
1287,B4GALNT2
1288,B4GALNT3
1289,B4GALNT4
1290,B4GALT1
1291,B4GALT2
1292,B4GALT3
1293,B4GALT4
1294,B4GALT5
1295,B4GALT6
1296,B4GALT7
1297,B9D1
1298,B9D2
1299,BAALC
1300,BAAT
1301,BABAM1
1302,BACE1
1303,BACE2
1304,BACH1
1305,BACH2
1306,BAD
1307,BAG1
1308,BAG2
1309,BAG3
1310,BAG4
1311,BAG5
1312,BAG6
1313,BAGE
1314,BAGE2
1315,BAGE5
1316,BAHCC1
1317,BAHD1
1318,BAI1
1319,BAI2
1320,BAI3
1321,BAIAP2
1322,BAIAP2L1
1323,BAIAP2L2
1324,BAIAP3
1325,BAK1
1326,BAMBI
1327,BANF1
1328,BANF2
1329,BANK1
1330,BANP
1331,BAP1
1332,BARD1
1333,BARHL1
1334,BARHL2
1335,BARX1
1336,BARX2
1337,BASP1
1338,BATF
1339,BATF2
1340,BATF3
1341,BAX
1342,BAZ1A
1343,BAZ1B
1344,BAZ2A
1345,BAZ2B
1346,BBC3
1347,BBIP1
1348,BBOX1
1349,BBS1
1350,BBS10
1351,BBS12
1352,BBS2
1353,BBS4
1354,BBS5
1355,BBS7
1356,BBS9
1357,BBX
1358,BCAM
1359,BCAN
1360,BCAP29
1361,BCAP31
1362,BCAR1
1363,BCAR3
1364,BCAS1
1365,BCAS2
1366,BCAS3
1367,BCAS4
1368,BCAT1
1369,BCAT2
1370,BCCIP
1371,BCDIN3D
1372,BCHE
1373,BCKDHA
1374,BCKDHB
1375,BCKDK
1376,BCL10
1377,BCL11A
1378,BCL11B
1379,BCL2
1380,BCL2A1
1381,BCL2L1
1382,BCL2L10
1383,BCL2L11
1384,BCL2L12
1385,BCL2L13
1386,BCL2L14
1387,BCL2L15
1388,BCL2L2
1389,BCL2L2-PABPN1
1390,BCL3
1391,BCL6
1392,BCL6B
1393,BCL7A
1394,BCL7B
1395,BCL7C
1396,BCL9
1397,BCL9L
1398,BCLAF1
1399,BCMO1
1400,BCO2
1401,BCOR
1402,BCORL1
1403,BCR
1404,BCS1L
1405,BDH1
1406,BDH2
1407,BDKRB1
1408,BDKRB2
1409,BDNF
1410,BDP1
1411,BEAN1
1412,BECN1
1413,BEGAIN
1414,BEND2
1415,BEND3
1416,BEND4
1417,BEND5
1418,BEND6
1419,BEND7
1420,BEST1
1421,BEST2
1422,BEST3
1423,BEST4
1424,BET1
1425,BET1L
1426,BEX1
1427,BEX2
1428,BEX4
1429,BEX5
1430,BFAR
1431,BFSP1
1432,BFSP2
1433,BGLAP
1434,BGN
1435,BHLHA15
1436,BHLHA9
1437,BHLHB9
1438,BHLHE22
1439,BHLHE23
1440,BHLHE40
1441,BHLHE41
1442,BHMT
1443,BHMT2
1444,BICC1
1445,BICD1
1446,BICD2
1447,BID
1448,BIK
1449,BIN1
1450,BIN2
1451,BIN3
1452,BIRC2
1453,BIRC3
1454,BIRC5
1455,BIRC6
1456,BIRC7
1457,BIRC8
1458,BIVM
1459,BIVM-ERCC5
1460,BLCAP
1461,BLID
1462,BLK
1463,BLM
1464,BLMH
1465,BLNK
1466,BLOC1S1
1467,BLOC1S2
1468,BLOC1S3
1469,BLVRA
1470,BLVRB
1471,BLZF1
1472,BMF
1473,BMI1
1474,BMP1
1475,BMP10
1476,BMP15
1477,BMP2
1478,BMP2K
1479,BMP3
1480,BMP4
1481,BMP5
1482,BMP6
1483,BMP7
1484,BMP8A
1485,BMP8B
1486,BMPER
1487,BMPR1A
1488,BMPR1B
1489,BMPR2
1490,BMS1
1491,BMX
1492,BNC1
1493,BNC2
1494,BNIP1
1495,BNIP2
1496,BNIP3
1497,BNIP3L
1498,BNIPL
1499,BOC
1500,BOD1
1501,BOK
1502,BOLA1
1503,BOLA2B
1504,BOLA3
1505,BOLL
1506,BOP1
1507,BORA
1508,BPGM
1509,BPHL
1510,BPI
1511,BPIFA1
1512,BPIFA2
1513,BPIFA3
1514,BPIFB1
1515,BPIFB2
1516,BPIFB3
1517,BPIFB4
1518,BPIFB6
1519,BPIFC
1520,BPNT1
1521,BPTF
1522,BPY2
1523,BRAF
1524,BRAP
1525,BRAT1
1526,BRCA1
1527,BRCA2
1528,BRCC3
1529,BRD1
1530,BRD2
1531,BRD3
1532,BRD4
1533,BRD7
1534,BRD8
1535,BRD9
1536,BRDT
1537,BRE
1538,BRF1
1539,BRF2
1540,BRI3
1541,BRI3BP
1542,BRIP1
1543,BRIX1
1544,BRK1
1545,BRMS1
1546,BRMS1L
1547,BROX
1548,BRPF1
1549,BRPF3
1550,BRS3
1551,BRSK1
1552,BRSK2
1553,BRWD1
1554,BRWD3
1555,BSCL2
1556,BSDC1
1557,BSG
1558,BSN
1559,BSND
1560,BSPH1
1561,BSPRY
1562,BST1
1563,BST2
1564,BSX
1565,BTAF1
1566,BTBD1
1567,BTBD10
1568,BTBD11
1569,BTBD16
1570,BTBD17
1571,BTBD18
1572,BTBD19
1573,BTBD2
1574,BTBD3
1575,BTBD6
1576,BTBD7
1577,BTBD8
1578,BTBD9
1579,BTC
1580,BTD
1581,BTF3
1582,BTF3L4
1583,BTG1
1584,BTG2
1585,BTG3
1586,BTG4
1587,BTK
1588,BTLA
1589,BTN1A1
1590,BTN2A1
1591,BTN2A2
1592,BTN3A1
1593,BTN3A2
1594,BTN3A3
1595,BTNL2
1596,BTNL3
1597,BTNL8
1598,BTNL9
1599,BTRC
1600,BUB1
1601,BUB1B
1602,BUB3
1603,BUD13
1604,BUD31
1605,BVES
1606,BYSL
1607,BZRAP1
1608,BZW1
1609,BZW2
1610,C10orf10
1611,C10orf105
1612,C10orf107
1613,C10orf11
1614,C10orf111
1615,C10orf113
1616,C10orf118
1617,C10orf12
1618,C10orf120
1619,C10orf128
1620,C10orf129
1621,C10orf131
1622,C10orf2
1623,C10orf25
1624,C10orf32
1625,C10orf35
1626,C10orf53
1627,C10orf54
1628,C10orf55
1629,C10orf62
1630,C10orf67
1631,C10orf71
1632,C10orf76
1633,C10orf82
1634,C10orf88
1635,C10orf90
1636,C10orf91
1637,C10orf95
1638,C10orf99
1639,C11orf1
1640,C11orf16
1641,C11orf21
1642,C11orf24
1643,C11orf30
1644,C11orf31
1645,C11orf35
1646,C11orf40
1647,C11orf42
1648,C11orf45
1649,C11orf48
1650,C11orf49
1651,C11orf52
1652,C11orf53
1653,C11orf54
1654,C11orf57
1655,C11orf58
1656,C11orf63
1657,C11orf65
1658,C11orf68
1659,C11orf70
1660,C11orf71
1661,C11orf73
1662,C11orf74
1663,C11orf80
1664,C11orf82
1665,C11orf83
1666,C11orf84
1667,C11orf85
1668,C11orf86
1669,C11orf87
1670,C11orf88
1671,C11orf91
1672,C11orf94
1673,C11orf95
1674,C11orf96
1675,C12orf10
1676,C12orf29
1677,C12orf39
1678,C12orf4
1679,C12orf40
1680,C12orf42
1681,C12orf43
1682,C12orf45
1683,C12orf49
1684,C12orf5
1685,C12orf50
1686,C12orf54
1687,C12orf56
1688,C12orf57
1689,C12orf60
1690,C12orf61
1691,C12orf65
1692,C12orf66
1693,C12orf71
1694,C12orf73
1695,C12orf74
1696,C12orf75
1697,C12orf76
1698,C12orf77
1699,C14orf1
1700,C14orf105
1701,C14orf119
1702,C14orf132
1703,C14orf142
1704,C14orf159
1705,C14orf166
1706,C14orf169
1707,C14orf177
1708,C14orf178
1709,C14orf180
1710,C14orf182
1711,C14orf183
1712,C14orf2
1713,C14orf28
1714,C14orf37
1715,C14orf39
1716,C14orf79
1717,C14orf80
1718,C14orf93
1719,C15orf26
1720,C15orf27
1721,C15orf32
1722,C15orf38
1723,C15orf38-AP3S2
1724,C15orf39
1725,C15orf40
1726,C15orf41
1727,C15orf43
1728,C15orf48
1729,C15orf52
1730,C15orf53
1731,C15orf54
1732,C15orf56
1733,C15orf57
1734,C15orf59
1735,C15orf60
1736,C15orf61
1737,C15orf62
1738,C16orf11
1739,C16orf13
1740,C16orf3
1741,C16orf45
1742,C16orf46
1743,C16orf52
1744,C16orf54
1745,C16orf58
1746,C16orf59
1747,C16orf62
1748,C16orf70
1749,C16orf71
1750,C16orf72
1751,C16orf74
1752,C16orf78
1753,C16orf80
1754,C16orf82
1755,C16orf86
1756,C16orf87
1757,C16orf89
1758,C16orf90
1759,C16orf91
1760,C16orf92
1761,C16orf93
1762,C16orf95
1763,C16orf96
1764,C17orf100
1765,C17orf102
1766,C17orf103
1767,C17orf104
1768,C17orf105
1769,C17orf107
1770,C17orf47
1771,C17orf49
1772,C17orf50
1773,C17orf51
1774,C17orf53
1775,C17orf58
1776,C17orf59
1777,C17orf62
1778,C17orf64
1779,C17orf67
1780,C17orf70
1781,C17orf72
1782,C17orf74
1783,C17orf75
1784,C17orf77
1785,C17orf78
1786,C17orf80
1787,C17orf82
1788,C17orf85
1789,C17orf89
1790,C17orf96
1791,C17orf97
1792,C17orf98
1793,C17orf99
1794,C18orf21
1795,C18orf25
1796,C18orf32
1797,C18orf42
1798,C18orf54
1799,C18orf56
1800,C18orf63
1801,C18orf8
1802,C19orf10
1803,C19orf12
1804,C19orf18
1805,C19orf24
1806,C19orf25
1807,C19orf26
1808,C19orf33
1809,C19orf35
1810,C19orf38
1811,C19orf40
1812,C19orf43
1813,C19orf44
1814,C19orf45
1815,C19orf47
1816,C19orf48
1817,C19orf52
1818,C19orf53
1819,C19orf54
1820,C19orf55
1821,C19orf57
1822,C19orf59
1823,C19orf60
1824,C19orf66
1825,C19orf70
1826,C19orf71
1827,C19orf73
1828,C19orf80
1829,C19orf81
1830,C1D
1831,C1GALT1
1832,C1GALT1C1
1833,C1orf100
1834,C1orf101
1835,C1orf105
1836,C1orf106
1837,C1orf109
1838,C1orf110
1839,C1orf111
1840,C1orf112
1841,C1orf115
1842,C1orf116
1843,C1orf122
1844,C1orf123
1845,C1orf127
1846,C1orf131
1847,C1orf141
1848,C1orf146
1849,C1orf158
1850,C1orf159
1851,C1orf162
1852,C1orf168
1853,C1orf172
1854,C1orf173
1855,C1orf174
1856,C1orf177
1857,C1orf185
1858,C1orf186
1859,C1orf189
1860,C1orf192
1861,C1orf194
1862,C1orf198
1863,C1orf204
1864,C1orf21
1865,C1orf210
1866,C1orf216
1867,C1orf226
1868,C1orf228
1869,C1orf229
1870,C1orf27
1871,C1orf35
1872,C1orf43
1873,C1orf50
1874,C1orf52
1875,C1orf53
1876,C1orf54
1877,C1orf56
1878,C1orf61
1879,C1orf64
1880,C1orf65
1881,C1orf68
1882,C1orf74
1883,C1orf85
1884,C1orf86
1885,C1orf87
1886,C1orf94
1887,C1orf95
1888,C1QA
1889,C1QB
1890,C1QBP
1891,C1QC
1892,C1QL1
1893,C1QL2
1894,C1QL3
1895,C1QL4
1896,C1QTNF1
1897,C1QTNF2
1898,C1QTNF3
1899,C1QTNF4
1900,C1QTNF5
1901,C1QTNF6
1902,C1QTNF7
1903,C1QTNF8
1904,C1QTNF9
1905,C1QTNF9B
1906,C1QTNF9B-AS1
1907,C1R
1908,C1RL
1909,C1S
1910,C2
1911,C20orf112
1912,C20orf141
1913,C20orf144
1914,C20orf166
1915,C20orf173
1916,C20orf194
1917,C20orf195
1918,C20orf196
1919,C20orf197
1920,C20orf202
1921,C20orf203
1922,C20orf24
1923,C20orf26
1924,C20orf27
1925,C20orf85
1926,C20orf96
1927,C21orf2
1928,C21orf33
1929,C21orf58
1930,C21orf59
1931,C21orf62
1932,C21orf91
1933,C22orf15
1934,C22orf23
1935,C22orf24
1936,C22orf26
1937,C22orf29
1938,C22orf31
1939,C22orf39
1940,C22orf42
1941,C22orf46
1942,C2CD2
1943,C2CD2L
1944,C2CD3
1945,C2CD4A
1946,C2CD4B
1947,C2CD4C
1948,C2CD4D
1949,C2orf15
1950,C2orf16
1951,C2orf27A
1952,C2orf27B
1953,C2orf40
1954,C2orf42
1955,C2orf43
1956,C2orf44
1957,C2orf47
1958,C2orf48
1959,C2orf49
1960,C2orf50
1961,C2orf53
1962,C2orf54
1963,C2orf57
1964,C2orf61
1965,C2orf66
1966,C2orf68
1967,C2orf69
1968,C2orf70
1969,C2orf71
1970,C2orf72
1971,C2orf73
1972,C2orf74
1973,C2orf76
1974,C2orf78
1975,C2orf80
1976,C2orf81
1977,C2orf82
1978,C2orf83
1979,C2orf88
1980,C3
1981,C3AR1
1982,C3orf14
1983,C3orf17
1984,C3orf18
1985,C3orf20
1986,C3orf22
1987,C3orf27
1988,C3orf30
1989,C3orf33
1990,C3orf35
1991,C3orf36
1992,C3orf38
1993,C3orf43
1994,C3orf52
1995,C3orf55
1996,C3orf58
1997,C3orf62
1998,C3orf67
1999,C3orf70
2000,C3orf72
2001,C3orf79
2002,C3orf80
2003,C4A
2004,C4BPA
2005,C4BPB
2006,C4orf17
2007,C4orf19
2008,C4orf22
2009,C4orf26
2010,C4orf27
2011,C4orf29
2012,C4orf3
2013,C4orf32
2014,C4orf33
2015,C4orf36
2016,C4orf45
2017,C4orf46
2018,C4orf47
2019,C4orf48
2020,C4orf51
2021,C4orf6
2022,C5
2023,C5AR1
2024,C5orf15
2025,C5orf20
2026,C5orf22
2027,C5orf24
2028,C5orf28
2029,C5orf30
2030,C5orf34
2031,C5orf38
2032,C5orf42
2033,C5orf45
2034,C5orf46
2035,C5orf47
2036,C5orf49
2037,C5orf51
2038,C5orf52
2039,C5orf54
2040,C5orf55
2041,C5orf58
2042,C5orf60
2043,C5orf63
2044,C5orf64
2045,C6
2046,C6orf1
2047,C6orf10
2048,C6orf106
2049,C6orf118
2050,C6orf120
2051,C6orf132
2052,C6orf136
2053,C6orf141
2054,C6orf15
2055,C6orf163
2056,C6orf165
2057,C6orf195
2058,C6orf201
2059,C6orf203
2060,C6orf211
2061,C6orf222
2062,C6orf223
2063,C6orf226
2064,C6orf25
2065,C6orf47
2066,C6orf48
2067,C6orf52
2068,C6orf57
2069,C6orf58
2070,C6orf62
2071,C6orf7
2072,C6orf89
2073,C6orf99
2074,C7
2075,C7orf25
2076,C7orf26
2077,C7orf31
2078,C7orf33
2079,C7orf34
2080,C7orf43
2081,C7orf49
2082,C7orf50
2083,C7orf55
2084,C7orf57
2085,C7orf60
2086,C7orf61
2087,C7orf62
2088,C7orf63
2089,C7orf65
2090,C7orf66
2091,C7orf69
2092,C7orf71
2093,C7orf72
2094,C7orf73
2095,C8A
2096,C8B
2097,C8G
2098,C8orf22
2099,C8orf31
2100,C8orf33
2101,C8orf34
2102,C8orf37
2103,C8orf4
2104,C8orf42
2105,C8orf44
2106,C8orf44-SGK3
2107,C8orf46
2108,C8orf48
2109,C8orf58
2110,C8orf59
2111,C8orf74
2112,C8orf76
2113,C8orf82
2114,C8orf86
2115,C9
2116,C9orf106
2117,C9orf114
2118,C9orf116
2119,C9orf117
2120,C9orf129
2121,C9orf131
2122,C9orf135
2123,C9orf139
2124,C9orf142
2125,C9orf152
2126,C9orf153
2127,C9orf156
2128,C9orf16
2129,C9orf163
2130,C9orf167
2131,C9orf169
2132,C9orf170
2133,C9orf171
2134,C9orf172
2135,C9orf173
2136,C9orf24
2137,C9orf3
2138,C9orf37
2139,C9orf40
2140,C9orf41
2141,C9orf43
2142,C9orf47
2143,C9orf50
2144,C9orf57
2145,C9orf64
2146,C9orf66
2147,C9orf69
2148,C9orf72
2149,C9orf78
2150,C9orf84
2151,C9orf85
2152,C9orf89
2153,C9orf9
2154,C9orf91
2155,C9orf96
2156,CA1
2157,CA10
2158,CA11
2159,CA12
2160,CA13
2161,CA14
2162,CA2
2163,CA3
2164,CA4
2165,CA5A
2166,CA5B
2167,CA6
2168,CA7
2169,CA8
2170,CA9
2171,CAB39
2172,CAB39L
2173,CABIN1
2174,CABLES1
2175,CABLES2
2176,CABP1
2177,CABP2
2178,CABP4
2179,CABP5
2180,CABP7
2181,CABS1
2182,CABYR
2183,CACHD1
2184,CACNA1A
2185,CACNA1B
2186,CACNA1C
2187,CACNA1D
2188,CACNA1E
2189,CACNA1F
2190,CACNA1G
2191,CACNA1H
2192,CACNA1I
2193,CACNA1S
2194,CACNA2D1
2195,CACNA2D2
2196,CACNA2D3
2197,CACNA2D4
2198,CACNB1
2199,CACNB2
2200,CACNB3
2201,CACNB4
2202,CACNG1
2203,CACNG2
2204,CACNG3
2205,CACNG4
2206,CACNG5
2207,CACNG6
2208,CACNG7
2209,CACNG8
2210,CACYBP
2211,CAD
2212,CADM1
2213,CADM2
2214,CADM3
2215,CADM4
2216,CADPS
2217,CADPS2
2218,CAGE1
2219,CALB1
2220,CALB2
2221,CALCA
2222,CALCB
2223,CALCOCO1
2224,CALCOCO2
2225,CALCR
2226,CALCRL
2227,CALD1
2228,CALHM1
2229,CALHM2
2230,CALHM3
2231,CALM1
2232,CALM2
2233,CALM3
2234,CALML3
2235,CALML4
2236,CALML5
2237,CALML6
2238,CALN1
2239,CALR
2240,CALR3
2241,CALU
2242,CALY
2243,CAMK1
2244,CAMK1D
2245,CAMK1G
2246,CAMK2A
2247,CAMK2B
2248,CAMK2D
2249,CAMK2G
2250,CAMK2N1
2251,CAMK2N2
2252,CAMK4
2253,CAMKK1
2254,CAMKK2
2255,CAMKMT
2256,CAMKV
2257,CAMLG
2258,CAMP
2259,CAMSAP1
2260,CAMSAP2
2261,CAMSAP3
2262,CAMTA1
2263,CAMTA2
2264,CAND1
2265,CAND2
2266,CANT1
2267,CANX
2268,CAP1
2269,CAP2
2270,CAPG
2271,CAPN1
2272,CAPN10
2273,CAPN11
2274,CAPN12
2275,CAPN13
2276,CAPN14
2277,CAPN2
2278,CAPN3
2279,CAPN5
2280,CAPN6
2281,CAPN7
2282,CAPN8
2283,CAPN9
2284,CAPNS1
2285,CAPNS2
2286,CAPRIN1
2287,CAPRIN2
2288,CAPS
2289,CAPS2
2290,CAPSL
2291,CAPZA1
2292,CAPZA2
2293,CAPZA3
2294,CAPZB
2295,CARD10
2296,CARD11
2297,CARD14
2298,CARD16
2299,CARD17
2300,CARD18
2301,CARD6
2302,CARD8
2303,CARD9
2304,CARHSP1
2305,CARKD
2306,CARM1
2307,CARNS1
2308,CARS
2309,CARS2
2310,CARTPT
2311,CASC1
2312,CASC3
2313,CASC4
2314,CASC5
2315,CASD1
2316,CASK
2317,CASKIN1
2318,CASKIN2
2319,CASP1
2320,CASP10
2321,CASP12
2322,CASP14
2323,CASP2
2324,CASP3
2325,CASP4
2326,CASP5
2327,CASP6
2328,CASP7
2329,CASP8
2330,CASP8AP2
2331,CASP9
2332,CASQ1
2333,CASQ2
2334,CASR
2335,CASS4
2336,CAST
2337,CASZ1
2338,CAT
2339,CATSPER1
2340,CATSPER2
2341,CATSPER3
2342,CATSPER4
2343,CATSPERB
2344,CATSPERG
2345,CAV1
2346,CAV2
2347,CAV3
2348,CBFA2T2
2349,CBFA2T3
2350,CBFB
2351,CBL
2352,CBLB
2353,CBLC
2354,CBLL1
2355,CBLN1
2356,CBLN2
2357,CBLN3
2358,CBLN4
2359,CBR1
2360,CBR3
2361,CBR4
2362,CBS
2363,CBWD1
2364,CBWD2
2365,CBWD3
2366,CBWD5
2367,CBWD6
2368,CBX1
2369,CBX2
2370,CBX3
2371,CBX4
2372,CBX5
2373,CBX6
2374,CBX7
2375,CBX8
2376,CBY1
2377,CBY3
2378,CC2D1A
2379,CC2D1B
2380,CC2D2A
2381,CC2D2B
2382,CCAR1
2383,CCBE1
2384,CCBL1
2385,CCBL2
2386,CCDC101
2387,CCDC102A
2388,CCDC102B
2389,CCDC103
2390,CCDC104
2391,CCDC105
2392,CCDC106
2393,CCDC107
2394,CCDC108
2395,CCDC109B
2396,CCDC11
2397,CCDC110
2398,CCDC112
2399,CCDC113
2400,CCDC114
2401,CCDC115
2402,CCDC116
2403,CCDC117
2404,CCDC12
2405,CCDC120
2406,CCDC121
2407,CCDC122
2408,CCDC124
2409,CCDC125
2410,CCDC126
2411,CCDC127
2412,CCDC129
2413,CCDC13
2414,CCDC130
2415,CCDC132
2416,CCDC134
2417,CCDC135
2418,CCDC136
2419,CCDC137
2420,CCDC138
2421,CCDC14
2422,CCDC140
2423,CCDC141
2424,CCDC142
2425,CCDC144A
2426,CCDC144NL
2427,CCDC146
2428,CCDC147
2429,CCDC148
2430,CCDC149
2431,CCDC15
2432,CCDC150
2433,CCDC151
2434,CCDC152
2435,CCDC153
2436,CCDC154
2437,CCDC155
2438,CCDC157
2439,CCDC158
2440,CCDC159
2441,CCDC160
2442,CCDC166
2443,CCDC167
2444,CCDC168
2445,CCDC169
2446,CCDC169-SOHLH2
2447,CCDC17
2448,CCDC18
2449,CCDC19
2450,CCDC22
2451,CCDC23
2452,CCDC24
2453,CCDC25
2454,CCDC27
2455,CCDC28A
2456,CCDC28B
2457,CCDC3
2458,CCDC30
2459,CCDC33
2460,CCDC34
2461,CCDC36
2462,CCDC37
2463,CCDC38
2464,CCDC39
2465,CCDC40
2466,CCDC42
2467,CCDC42B
2468,CCDC43
2469,CCDC47
2470,CCDC50
2471,CCDC51
2472,CCDC53
2473,CCDC54
2474,CCDC57
2475,CCDC58
2476,CCDC59
2477,CCDC6
2478,CCDC60
2479,CCDC61
2480,CCDC62
2481,CCDC63
2482,CCDC64
2483,CCDC64B
2484,CCDC65
2485,CCDC66
2486,CCDC67
2487,CCDC68
2488,CCDC69
2489,CCDC7
2490,CCDC70
2491,CCDC71
2492,CCDC71L
2493,CCDC73
2494,CCDC74A
2495,CCDC74B
2496,CCDC77
2497,CCDC78
2498,CCDC79
2499,CCDC8
2500,CCDC80
2501,CCDC81
2502,CCDC82
2503,CCDC83
2504,CCDC84
2505,CCDC85A
2506,CCDC85B
2507,CCDC85C
2508,CCDC86
2509,CCDC87
2510,CCDC88A
2511,CCDC88B
2512,CCDC88C
2513,CCDC89
2514,CCDC9
2515,CCDC90B
2516,CCDC91
2517,CCDC92
2518,CCDC93
2519,CCDC94
2520,CCDC96
2521,CCDC97
2522,CCHCR1
2523,CCIN
2524,CCK
2525,CCKAR
2526,CCKBR
2527,CCL1
2528,CCL11
2529,CCL13
2530,CCL14
2531,CCL15
2532,CCL16
2533,CCL17
2534,CCL18
2535,CCL19
2536,CCL2
2537,CCL20
2538,CCL21
2539,CCL22
2540,CCL23
2541,CCL24
2542,CCL25
2543,CCL26
2544,CCL27
2545,CCL28
2546,CCL3
2547,CCL3L1
2548,CCL4
2549,CCL4L2
2550,CCL5
2551,CCL7
2552,CCL8
2553,CCM2
2554,CCNA1
2555,CCNA2
2556,CCNB1
2557,CCNB1IP1
2558,CCNB2
2559,CCNB3
2560,CCNC
2561,CCND1
2562,CCND2
2563,CCND3
2564,CCNDBP1
2565,CCNE1
2566,CCNE2
2567,CCNF
2568,CCNG1
2569,CCNG2
2570,CCNH
2571,CCNI
2572,CCNI2
2573,CCNJ
2574,CCNJL
2575,CCNK
2576,CCNL1
2577,CCNL2
2578,CCNO
2579,CCNT1
2580,CCNT2
2581,CCNY
2582,CCNYL1
2583,CCP110
2584,CCPG1
2585,CCR1
2586,CCR10
2587,CCR2
2588,CCR3
2589,CCR4
2590,CCR5
2591,CCR6
2592,CCR7
2593,CCR8
2594,CCR9
2595,CCRL2
2596,CCRN4L
2597,CCS
2598,CCT2
2599,CCT3
2600,CCT4
2601,CCT5
2602,CCT6A
2603,CCT6B
2604,CCT7
2605,CCT8
2606,CCT8L2
2607,CCZ1
2608,CCZ1B
2609,CD101
2610,CD109
2611,CD14
2612,CD151
2613,CD160
2614,CD163
2615,CD163L1
2616,CD164
2617,CD164L2
2618,CD177
2619,CD180
2620,CD19
2621,CD1A
2622,CD1B
2623,CD1C
2624,CD1D
2625,CD1E
2626,CD2
2627,CD200
2628,CD200R1
2629,CD200R1L
2630,CD207
2631,CD209
2632,CD22
2633,CD226
2634,CD24
2635,CD244
2636,CD247
2637,CD248
2638,CD27
2639,CD274
2640,CD276
2641,CD28
2642,CD2AP
2643,CD2BP2
2644,CD300A
2645,CD300C
2646,CD300E
2647,CD300LB
2648,CD300LD
2649,CD300LF
2650,CD300LG
2651,CD302
2652,CD320
2653,CD33
2654,CD34
2655,CD36
2656,CD37
2657,CD38
2658,CD3D
2659,CD3E
2660,CD3EAP
2661,CD3G
2662,CD4
2663,CD40
2664,CD40LG
2665,CD44
2666,CD46
2667,CD47
2668,CD48
2669,CD5
2670,CD52
2671,CD53
2672,CD55
2673,CD58
2674,CD59
2675,CD5L
2676,CD6
2677,CD63
2678,CD68
2679,CD69
2680,CD7
2681,CD70
2682,CD72
2683,CD74
2684,CD79A
2685,CD79B
2686,CD80
2687,CD81
2688,CD82
2689,CD83
2690,CD84
2691,CD86
2692,CD8A
2693,CD8B
2694,CD9
2695,CD93
2696,CD96
2697,CD97
2698,CD99
2699,CD99L2
2700,CDA
2701,CDADC1
2702,CDAN1
2703,CDC123
2704,CDC14A
2705,CDC14B
2706,CDC16
2707,CDC20
2708,CDC20B
2709,CDC23
2710,CDC25A
2711,CDC25B
2712,CDC25C
2713,CDC26
2714,CDC27
2715,CDC34
2716,CDC37
2717,CDC37L1
2718,CDC40
2719,CDC42
2720,CDC42BPA
2721,CDC42BPB
2722,CDC42BPG
2723,CDC42EP1
2724,CDC42EP2
2725,CDC42EP3
2726,CDC42EP4
2727,CDC42EP5
2728,CDC42SE1
2729,CDC42SE2
2730,CDC45
2731,CDC5L
2732,CDC6
2733,CDC7
2734,CDC73
2735,CDCA2
2736,CDCA3
2737,CDCA4
2738,CDCA5
2739,CDCA7
2740,CDCA7L
2741,CDCA8
2742,CDCP1
2743,CDCP2
2744,CDH1
2745,CDH10
2746,CDH11
2747,CDH12
2748,CDH13
2749,CDH15
2750,CDH16
2751,CDH17
2752,CDH18
2753,CDH19
2754,CDH2
2755,CDH20
2756,CDH22
2757,CDH23
2758,CDH24
2759,CDH26
2760,CDH3
2761,CDH4
2762,CDH5
2763,CDH6
2764,CDH7
2765,CDH8
2766,CDH9
2767,CDHR1
2768,CDHR2
2769,CDHR3
2770,CDHR4
2771,CDHR5
2772,CDIPT
2773,CDK1
2774,CDK10
2775,CDK11A
2776,CDK11B
2777,CDK12
2778,CDK13
2779,CDK14
2780,CDK15
2781,CDK16
2782,CDK17
2783,CDK18
2784,CDK19
2785,CDK2
2786,CDK20
2787,CDK2AP1
2788,CDK2AP2
2789,CDK3
2790,CDK4
2791,CDK5
2792,CDK5R1
2793,CDK5R2
2794,CDK5RAP1
2795,CDK5RAP2
2796,CDK5RAP3
2797,CDK6
2798,CDK7
2799,CDK8
2800,CDK9
2801,CDKAL1
2802,CDKL1
2803,CDKL2
2804,CDKL3
2805,CDKL4
2806,CDKL5
2807,CDKN1A
2808,CDKN1B
2809,CDKN1C
2810,CDKN2A
2811,CDKN2AIP
2812,CDKN2AIPNL
2813,CDKN2B
2814,CDKN2C
2815,CDKN2D
2816,CDKN3
2817,CDNF
2818,CDO1
2819,CDON
2820,CDR1
2821,CDR2
2822,CDR2L
2823,CDRT1
2824,CDRT15
2825,CDRT15L2
2826,CDRT4
2827,CDS1
2828,CDS2
2829,CDSN
2830,CDT1
2831,CDV3
2832,CDX1
2833,CDX2
2834,CDX4
2835,CDY1
2836,CDY2A
2837,CDY2B
2838,CDYL
2839,CDYL2
2840,CEACAM1
2841,CEACAM16
2842,CEACAM18
2843,CEACAM19
2844,CEACAM20
2845,CEACAM21
2846,CEACAM3
2847,CEACAM4
2848,CEACAM5
2849,CEACAM6
2850,CEACAM7
2851,CEACAM8
2852,CEBPA
2853,CEBPB
2854,CEBPD
2855,CEBPE
2856,CEBPG
2857,CEBPZ
2858,CECR1
2859,CECR2
2860,CECR5
2861,CECR6
2862,CEL
2863,CELA1
2864,CELA2A
2865,CELA2B
2866,CELA3A
2867,CELA3B
2868,CELF1
2869,CELF2
2870,CELF3
2871,CELF4
2872,CELF5
2873,CELF6
2874,CELSR1
2875,CELSR2
2876,CELSR3
2877,CEMP1
2878,CEND1
2879,CENPA
2880,CENPB
2881,CENPBD1
2882,CENPE
2883,CENPF
2884,CENPH
2885,CENPI
2886,CENPJ
2887,CENPK
2888,CENPL
2889,CENPM
2890,CENPN
2891,CENPO
2892,CENPP
2893,CENPQ
2894,CENPT
2895,CENPV
2896,CENPW
2897,CEP104
2898,CEP112
2899,CEP120
2900,CEP128
2901,CEP135
2902,CEP152
2903,CEP164
2904,CEP170
2905,CEP19
2906,CEP192
2907,CEP250
2908,CEP290
2909,CEP350
2910,CEP41
2911,CEP44
2912,CEP55
2913,CEP57
2914,CEP57L1
2915,CEP63
2916,CEP68
2917,CEP70
2918,CEP72
2919,CEP76
2920,CEP78
2921,CEP85
2922,CEP85L
2923,CEP89
2924,CEP95
2925,CEP97
2926,CEPT1
2927,CER1
2928,CERCAM
2929,CERK
2930,CERKL
2931,CERS1
2932,CERS2
2933,CERS3
2934,CERS4
2935,CERS5
2936,CERS6
2937,CES1
2938,CES2
2939,CES3
2940,CES4A
2941,CES5A
2942,CETN1
2943,CETN2
2944,CETN3
2945,CETP
2946,CFB
2947,CFC1
2948,CFC1B
2949,CFD
2950,CFDP1
2951,CFH
2952,CFHR1
2953,CFHR2
2954,CFHR3
2955,CFHR4
2956,CFHR5
2957,CFI
2958,CFL1
2959,CFL2
2960,CFLAR
2961,CFP
2962,CFTR
2963,CGA
2964,CGB
2965,CGB1
2966,CGB2
2967,CGB5
2968,CGB7
2969,CGB8
2970,CGGBP1
2971,CGN
2972,CGNL1
2973,CGREF1
2974,CGRRF1
2975,CH25H
2976,CHAC1
2977,CHAC2
2978,CHAD
2979,CHADL
2980,CHAF1A
2981,CHAF1B
2982,CHAMP1
2983,CHAT
2984,CHCHD1
2985,CHCHD10
2986,CHCHD2
2987,CHCHD3
2988,CHCHD4
2989,CHCHD5
2990,CHCHD6
2991,CHCHD7
2992,CHD1
2993,CHD1L
2994,CHD2
2995,CHD3
2996,CHD4
2997,CHD5
2998,CHD6
2999,CHD7
3000,CHD8
3001,CHD9
3002,CHDH
3003,CHEK1
3004,CHEK2
3005,CHERP
3006,CHFR
3007,CHGA
3008,CHGB
3009,CHI3L1
3010,CHI3L2
3011,CHIA
3012,CHIC1
3013,CHIC2
3014,CHID1
3015,CHIT1
3016,CHKA
3017,CHKB
3018,CHL1
3019,CHM
3020,CHML
3021,CHMP1A
3022,CHMP1B
3023,CHMP2A
3024,CHMP2B
3025,CHMP3
3026,CHMP4A
3027,CHMP4B
3028,CHMP4C
3029,CHMP5
3030,CHMP6
3031,CHMP7
3032,CHN1
3033,CHN2
3034,CHODL
3035,CHORDC1
3036,CHP2
3037,CHPF
3038,CHPF2
3039,CHPT1
3040,CHRAC1
3041,CHRD
3042,CHRDL1
3043,CHRDL2
3044,CHRFAM7A
3045,CHRM1
3046,CHRM2
3047,CHRM3
3048,CHRM4
3049,CHRM5
3050,CHRNA1
3051,CHRNA10
3052,CHRNA2
3053,CHRNA3
3054,CHRNA4
3055,CHRNA5
3056,CHRNA6
3057,CHRNA7
3058,CHRNA9
3059,CHRNB1
3060,CHRNB2
3061,CHRNB3
3062,CHRNB4
3063,CHRND
3064,CHRNE
3065,CHRNG
3066,CHST1
3067,CHST10
3068,CHST11
3069,CHST12
3070,CHST13
3071,CHST14
3072,CHST15
3073,CHST2
3074,CHST3
3075,CHST4
3076,CHST5
3077,CHST6
3078,CHST7
3079,CHST8
3080,CHST9
3081,CHSY1
3082,CHSY3
3083,CHTF18
3084,CHTF8
3085,CHTOP
3086,CHUK
3087,CHURC1
3088,CHURC1-FNTB
3089,CIAO1
3090,CIAPIN1
3091,CIB1
3092,CIB2
3093,CIB3
3094,CIB4
3095,CIC
3096,CIDEA
3097,CIDEB
3098,CIDEC
3099,CIITA
3100,CILP
3101,CILP2
3102,CINP
3103,CIR1
3104,CIRBP
3105,CIRH1A
3106,CISD1
3107,CISD2
3108,CISD3
3109,CISH
3110,CIT
3111,CITED1
3112,CITED2
3113,CITED4
3114,CIZ1
3115,CKAP2
3116,CKAP2L
3117,CKAP4
3118,CKAP5
3119,CKB
3120,CKLF
3121,CKLF-CMTM1
3122,CKM
3123,CKMT1A
3124,CKMT1B
3125,CKMT2
3126,CKS1B
3127,CKS2
3128,CLASP1
3129,CLASP2
3130,CLASRP
3131,CLC
3132,CLCA1
3133,CLCA2
3134,CLCA4
3135,CLCC1
3136,CLCF1
3137,CLCN1
3138,CLCN2
3139,CLCN3
3140,CLCN4
3141,CLCN5
3142,CLCN6
3143,CLCN7
3144,CLCNKA
3145,CLCNKB
3146,CLDN1
3147,CLDN10
3148,CLDN11
3149,CLDN12
3150,CLDN14
3151,CLDN15
3152,CLDN16
3153,CLDN17
3154,CLDN18
3155,CLDN19
3156,CLDN2
3157,CLDN20
3158,CLDN22
3159,CLDN23
3160,CLDN24
3161,CLDN25
3162,CLDN3
3163,CLDN4
3164,CLDN5
3165,CLDN6
3166,CLDN7
3167,CLDN8
3168,CLDN9
3169,CLDND1
3170,CLDND2
3171,CLEC10A
3172,CLEC11A
3173,CLEC12A
3174,CLEC12B
3175,CLEC14A
3176,CLEC16A
3177,CLEC17A
3178,CLEC18A
3179,CLEC18B
3180,CLEC18C
3181,CLEC1A
3182,CLEC1B
3183,CLEC2A
3184,CLEC2B
3185,CLEC2D
3186,CLEC2L
3187,CLEC3A
3188,CLEC3B
3189,CLEC4A
3190,CLEC4C
3191,CLEC4D
3192,CLEC4E
3193,CLEC4F
3194,CLEC4G
3195,CLEC4M
3196,CLEC5A
3197,CLEC6A
3198,CLEC7A
3199,CLEC9A
3200,CLECL1
3201,CLGN
3202,CLIC1
3203,CLIC2
3204,CLIC3
3205,CLIC4
3206,CLIC5
3207,CLIC6
3208,CLINT1
3209,CLIP1
3210,CLIP2
3211,CLIP3
3212,CLIP4
3213,CLK1
3214,CLK2
3215,CLK3
3216,CLK4
3217,CLLU1
3218,CLLU1OS
3219,CLMN
3220,CLMP
3221,CLN3
3222,CLN5
3223,CLN6
3224,CLN8
3225,CLNK
3226,CLNS1A
3227,CLOCK
3228,CLP1
3229,CLPB
3230,CLPP
3231,CLPS
3232,CLPTM1
3233,CLPTM1L
3234,CLPX
3235,CLRN1
3236,CLRN2
3237,CLRN3
3238,CLSPN
3239,CLSTN1
3240,CLSTN2
3241,CLSTN3
3242,CLTA
3243,CLTB
3244,CLTC
3245,CLTCL1
3246,CLU
3247,CLUAP1
3248,CLUL1
3249,CLVS1
3250,CLVS2
3251,CLYBL
3252,CMA1
3253,CMAS
3254,CMBL
3255,CMC1
3256,CMIP
3257,CMKLR1
3258,CMPK1
3259,CMPK2
3260,CMTM1
3261,CMTM2
3262,CMTM3
3263,CMTM4
3264,CMTM5
3265,CMTM6
3266,CMTM7
3267,CMTM8
3268,CMYA5
3269,CNBD1
3270,CNBP
3271,CNDP1
3272,CNDP2
3273,CNFN
3274,CNGA1
3275,CNGA2
3276,CNGA3
3277,CNGA4
3278,CNGB1
3279,CNGB3
3280,CNIH2
3281,CNIH3
3282,CNIH4
3283,CNKSR1
3284,CNKSR2
3285,CNKSR3
3286,CNN1
3287,CNN2
3288,CNN3
3289,CNNM1
3290,CNNM2
3291,CNNM3
3292,CNNM4
3293,CNOT1
3294,CNOT10
3295,CNOT2
3296,CNOT3
3297,CNOT4
3298,CNOT6
3299,CNOT6L
3300,CNOT7
3301,CNOT8
3302,CNP
3303,CNPPD1
3304,CNPY1
3305,CNPY2
3306,CNPY3
3307,CNPY4
3308,CNR1
3309,CNR2
3310,CNRIP1
3311,CNST
3312,CNTD1
3313,CNTD2
3314,CNTF
3315,CNTFR
3316,CNTLN
3317,CNTN1
3318,CNTN2
3319,CNTN3
3320,CNTN4
3321,CNTN5
3322,CNTN6
3323,CNTNAP1
3324,CNTNAP2
3325,CNTNAP3
3326,CNTNAP3B
3327,CNTNAP4
3328,CNTNAP5
3329,CNTRL
3330,CNTROB
3331,COA5
3332,COASY
3333,COBL
3334,COBLL1
3335,COCH
3336,COG1
3337,COG2
3338,COG3
3339,COG4
3340,COG5
3341,COG6
3342,COG7
3343,COG8
3344,COIL
3345,COL10A1
3346,COL11A1
3347,COL11A2
3348,COL12A1
3349,COL13A1
3350,COL14A1
3351,COL15A1
3352,COL16A1
3353,COL17A1
3354,COL18A1
3355,COL19A1
3356,COL1A1
3357,COL1A2
3358,COL20A1
3359,COL21A1
3360,COL22A1
3361,COL23A1
3362,COL24A1
3363,COL25A1
3364,COL27A1
3365,COL28A1
3366,COL2A1
3367,COL3A1
3368,COL4A1
3369,COL4A2
3370,COL4A3
3371,COL4A3BP
3372,COL4A4
3373,COL4A5
3374,COL4A6
3375,COL5A1
3376,COL5A2
3377,COL5A3
3378,COL6A1
3379,COL6A2
3380,COL6A3
3381,COL6A5
3382,COL6A6
3383,COL7A1
3384,COL8A1
3385,COL8A2
3386,COL9A1
3387,COL9A2
3388,COL9A3
3389,COLEC10
3390,COLEC11
3391,COLEC12
3392,COLQ
3393,COMMD1
3394,COMMD10
3395,COMMD2
3396,COMMD3
3397,COMMD3-BMI1
3398,COMMD4
3399,COMMD5
3400,COMMD6
3401,COMMD7
3402,COMMD8
3403,COMMD9
3404,COMP
3405,COMT
3406,COMTD1
3407,COPA
3408,COPB1
3409,COPB2
3410,COPE
3411,COPG2
3412,COPS2
3413,COPS3
3414,COPS4
3415,COPS5
3416,COPS6
3417,COPS7A
3418,COPS7B
3419,COPS8
3420,COPZ1
3421,COPZ2
3422,COQ10A
3423,COQ10B
3424,COQ2
3425,COQ3
3426,COQ4
3427,COQ5
3428,COQ6
3429,COQ7
3430,COQ9
3431,CORIN
3432,CORO1A
3433,CORO1B
3434,CORO1C
3435,CORO2A
3436,CORO2B
3437,CORO6
3438,CORO7
3439,CORO7-PAM16
3440,CORT
3441,COTL1
3442,COX10
3443,COX11
3444,COX15
3445,COX16
3446,COX17
3447,COX18
3448,COX19
3449,COX4I1
3450,COX4I2
3451,COX5A
3452,COX5B
3453,COX6A1
3454,COX6A2
3455,COX6B1
3456,COX6B2
3457,COX6C
3458,COX7A1
3459,COX7A2
3460,COX7A2L
3461,COX7B
3462,COX7B2
3463,COX7C
3464,COX8A
3465,COX8C
3466,CP
3467,CPA1
3468,CPA2
3469,CPA3
3470,CPA4
3471,CPA5
3472,CPA6
3473,CPAMD8
3474,CPB1
3475,CPB2
3476,CPD
3477,CPE
3478,CPEB1
3479,CPEB2
3480,CPEB3
3481,CPEB4
3482,CPLX1
3483,CPLX2
3484,CPLX3
3485,CPLX4
3486,CPM
3487,CPN1
3488,CPN2
3489,CPNE1
3490,CPNE2
3491,CPNE3
3492,CPNE4
3493,CPNE5
3494,CPNE6
3495,CPNE7
3496,CPNE8
3497,CPNE9
3498,CPO
3499,CPOX
3500,CPPED1
3501,CPS1
3502,CPSF1
3503,CPSF2
3504,CPSF3
3505,CPSF3L
3506,CPSF4
3507,CPSF4L
3508,CPSF6
3509,CPSF7
3510,CPT1A
3511,CPT1B
3512,CPT1C
3513,CPT2
3514,CPVL
3515,CPXCR1
3516,CPXM1
3517,CPXM2
3518,CPZ
3519,CR1
3520,CR1L
3521,CR2
3522,CRABP1
3523,CRABP2
3524,CRADD
3525,CRAMP1L
3526,CRAT
3527,CRB1
3528,CRB2
3529,CRB3
3530,CRBN
3531,CRCP
3532,CRCT1
3533,CREB1
3534,CREB3
3535,CREB3L1
3536,CREB3L2
3537,CREB3L3
3538,CREB3L4
3539,CREB5
3540,CREBBP
3541,CREBL2
3542,CREBZF
3543,CREG1
3544,CREG2
3545,CRELD1
3546,CRELD2
3547,CREM
3548,CRH
3549,CRHBP
3550,CRHR1
3551,CRHR2
3552,CRIM1
3553,CRIP1
3554,CRIP2
3555,CRIP3
3556,CRIPAK
3557,CRIPT
3558,CRISP1
3559,CRISP2
3560,CRISP3
3561,CRISPLD1
3562,CRISPLD2
3563,CRK
3564,CRKL
3565,CRLF1
3566,CRLF2
3567,CRLF3
3568,CRLS1
3569,CRMP1
3570,CRNKL1
3571,CRNN
3572,CROCC
3573,CROT
3574,CRP
3575,CRTAC1
3576,CRTAM
3577,CRTAP
3578,CRTC1
3579,CRTC2
3580,CRTC3
3581,CRX
3582,CRY1
3583,CRY2
3584,CRYAA
3585,CRYAB
3586,CRYBA1
3587,CRYBA2
3588,CRYBA4
3589,CRYBB1
3590,CRYBB2
3591,CRYBB3
3592,CRYGA
3593,CRYGB
3594,CRYGC
3595,CRYGD
3596,CRYGN
3597,CRYGS
3598,CRYL1
3599,CRYM
3600,CRYZ
3601,CRYZL1
3602,CS
3603,CSAD
3604,CSAG1
3605,CSAG2
3606,CSAG3
3607,CSDC2
3608,CSDE1
3609,CSE1L
3610,CSF1
3611,CSF1R
3612,CSF2
3613,CSF2RA
3614,CSF2RB
3615,CSF3
3616,CSF3R
3617,CSGALNACT1
3618,CSGALNACT2
3619,CSH1
3620,CSH2
3621,CSHL1
3622,CSK
3623,CSMD1
3624,CSMD2
3625,CSMD3
3626,CSN1S1
3627,CSN2
3628,CSN3
3629,CSNK1A1
3630,CSNK1A1L
3631,CSNK1D
3632,CSNK1E
3633,CSNK1G1
3634,CSNK1G2
3635,CSNK1G3
3636,CSNK2A1
3637,CSNK2A2
3638,CSNK2B
3639,CSPG4
3640,CSPG5
3641,CSPP1
3642,CSRNP1
3643,CSRNP2
3644,CSRNP3
3645,CSRP1
3646,CSRP2
3647,CSRP2BP
3648,CSRP3
3649,CST1
3650,CST11
3651,CST2
3652,CST3
3653,CST4
3654,CST5
3655,CST6
3656,CST7
3657,CST8
3658,CST9
3659,CST9L
3660,CSTA
3661,CSTB
3662,CSTF1
3663,CSTF2
3664,CSTF2T
3665,CSTF3
3666,CSTL1
3667,CT45A1
3668,CT45A2
3669,CT45A3
3670,CT45A4
3671,CT45A5
3672,CT45A6
3673,CT47A1
3674,CT47A11
3675,CT47A6
3676,CT47A7
3677,CT47B1
3678,CT62
3679,CTAG1A
3680,CTAG2
3681,CTAGE1
3682,CTAGE4
3683,CTAGE5
3684,CTAGE9
3685,CTBP1
3686,CTBP2
3687,CTBS
3688,CTC1
3689,CTCF
3690,CTCFL
3691,CTDNEP1
3692,CTDP1
3693,CTDSP1
3694,CTDSP2
3695,CTDSPL
3696,CTDSPL2
3697,CTF1
3698,CTGF
3699,CTH
3700,CTHRC1
3701,CTIF
3702,CTLA4
3703,CTNNA1
3704,CTNNA2
3705,CTNNA3
3706,CTNNAL1
3707,CTNNB1
3708,CTNNBIP1
3709,CTNNBL1
3710,CTNND1
3711,CTNND2
3712,CTNS
3713,CTPS2
3714,CTR9
3715,CTRB1
3716,CTRB2
3717,CTRC
3718,CTRL
3719,CTSA
3720,CTSB
3721,CTSC
3722,CTSD
3723,CTSE
3724,CTSF
3725,CTSG
3726,CTSH
3727,CTSK
3728,CTSO
3729,CTSS
3730,CTSW
3731,CTSZ
3732,CTTN
3733,CTTNBP2
3734,CTTNBP2NL
3735,CTU1
3736,CTU2
3737,CTXN1
3738,CTXN2
3739,CTXN3
3740,CUBN
3741,CUEDC1
3742,CUEDC2
3743,CUL1
3744,CUL2
3745,CUL3
3746,CUL4A
3747,CUL4B
3748,CUL5
3749,CUL7
3750,CUL9
3751,CUTA
3752,CUTC
3753,CUX1
3754,CUX2
3755,CUZD1
3756,CWC15
3757,CWC22
3758,CWC25
3759,CWC27
3760,CWF19L1
3761,CWF19L2
3762,CWH43
3763,CX3CL1
3764,CX3CR1
3765,CXADR
3766,CXCL1
3767,CXCL10
3768,CXCL11
3769,CXCL12
3770,CXCL13
3771,CXCL14
3772,CXCL16
3773,CXCL17
3774,CXCL2
3775,CXCL3
3776,CXCL5
3777,CXCL6
3778,CXCL9
3779,CXCR1
3780,CXCR2
3781,CXCR3
3782,CXCR4
3783,CXCR5
3784,CXCR6
3785,CXorf21
3786,CXorf22
3787,CXorf23
3788,CXorf27
3789,CXorf30
3790,CXorf36
3791,CXorf38
3792,CXorf40A
3793,CXorf40B
3794,CXorf49
3795,CXorf51B
3796,CXorf56
3797,CXorf57
3798,CXorf58
3799,CXorf64
3800,CXorf65
3801,CXorf66
3802,CXXC1
3803,CXXC4
3804,CXXC5
3805,CYB561
3806,CYB561D1
3807,CYB561D2
3808,CYB5A
3809,CYB5B
3810,CYB5D1
3811,CYB5D2
3812,CYB5R1
3813,CYB5R2
3814,CYB5R3
3815,CYB5R4
3816,CYB5RL
3817,CYBA
3818,CYBB
3819,CYBRD1
3820,CYC1
3821,CYCS
3822,CYFIP1
3823,CYFIP2
3824,CYGB
3825,CYHR1
3826,CYLC1
3827,CYLC2
3828,CYLD
3829,CYP11A1
3830,CYP11B1
3831,CYP11B2
3832,CYP17A1
3833,CYP19A1
3834,CYP1A1
3835,CYP1A2
3836,CYP1B1
3837,CYP20A1
3838,CYP21A2
3839,CYP24A1
3840,CYP26A1
3841,CYP26B1
3842,CYP26C1
3843,CYP27A1
3844,CYP27B1
3845,CYP27C1
3846,CYP2A13
3847,CYP2A6
3848,CYP2A7
3849,CYP2B6
3850,CYP2C18
3851,CYP2C19
3852,CYP2C8
3853,CYP2C9
3854,CYP2D6
3855,CYP2E1
3856,CYP2F1
3857,CYP2J2
3858,CYP2R1
3859,CYP2S1
3860,CYP2U1
3861,CYP2W1
3862,CYP39A1
3863,CYP3A4
3864,CYP3A43
3865,CYP3A5
3866,CYP3A7
3867,CYP46A1
3868,CYP4A11
3869,CYP4A22
3870,CYP4B1
3871,CYP4F11
3872,CYP4F12
3873,CYP4F2
3874,CYP4F22
3875,CYP4F3
3876,CYP4F8
3877,CYP4V2
3878,CYP4X1
3879,CYP4Z1
3880,CYP51A1
3881,CYP7A1
3882,CYP7B1
3883,CYP8B1
3884,CYR61
3885,CYS1
3886,CYSLTR1
3887,CYSLTR2
3888,CYTH1
3889,CYTH2
3890,CYTH3
3891,CYTH4
3892,CYTIP
3893,CYTL1
3894,CYYR1
3895,D2HGDH
3896,DAAM1
3897,DAAM2
3898,DAB1
3899,DAB2
3900,DAB2IP
3901,DACH1
3902,DACH2
3903,DACT1
3904,DACT2
3905,DACT3
3906,DAD1
3907,DAG1
3908,DAGLA
3909,DAGLB
3910,DAK
3911,DALRD3
3912,DAND5
3913,DAO
3914,DAOA
3915,DAP
3916,DAP3
3917,DAPK1
3918,DAPK2
3919,DAPK3
3920,DAPL1
3921,DAPP1
3922,DARC
3923,DARS
3924,DARS2
3925,DAXX
3926,DAZ1
3927,DAZ2
3928,DAZ3
3929,DAZ4
3930,DAZAP1
3931,DAZAP2
3932,DAZL
3933,DBF4
3934,DBF4B
3935,DBH
3936,DBI
3937,DBN1
3938,DBNDD1
3939,DBNDD2
3940,DBNL
3941,DBP
3942,DBR1
3943,DBT
3944,DBX1
3945,DBX2
3946,DCAF10
3947,DCAF11
3948,DCAF12
3949,DCAF12L1
3950,DCAF12L2
3951,DCAF13
3952,DCAF15
3953,DCAF16
3954,DCAF17
3955,DCAF4
3956,DCAF4L1
3957,DCAF4L2
3958,DCAF5
3959,DCAF6
3960,DCAF7
3961,DCAF8
3962,DCAF8L1
3963,DCAF8L2
3964,DCAKD
3965,DCBLD1
3966,DCBLD2
3967,DCC
3968,DCD
3969,DCDC1
3970,DCDC2
3971,DCDC2B
3972,DCDC5
3973,DCHS1
3974,DCHS2
3975,DCK
3976,DCLK1
3977,DCLK2
3978,DCLK3
3979,DCLRE1A
3980,DCLRE1B
3981,DCLRE1C
3982,DCN
3983,DCP1A
3984,DCP1B
3985,DCP2
3986,DCPS
3987,DCST1
3988,DCST2
3989,DCT
3990,DCTD
3991,DCTN1
3992,DCTN2
3993,DCTN3
3994,DCTN4
3995,DCTN5
3996,DCTN6
3997,DCTPP1
3998,DCUN1D1
3999,DCUN1D2
4000,DCUN1D3
4001,DCUN1D4
4002,DCUN1D5
4003,DCX
4004,DCXR
4005,DDA1
4006,DDAH1
4007,DDAH2
4008,DDB1
4009,DDB2
4010,DDC
4011,DDHD1
4012,DDHD2
4013,DDI1
4014,DDI2
4015,DDIT3
4016,DDIT4
4017,DDIT4L
4018,DDN
4019,DDO
4020,DDOST
4021,DDR1
4022,DDR2
4023,DDRGK1
4024,DDT
4025,DDTL
4026,DDX1
4027,DDX10
4028,DDX11
4029,DDX17
4030,DDX18
4031,DDX19A
4032,DDX19B
4033,DDX20
4034,DDX21
4035,DDX23
4036,DDX24
4037,DDX25
4038,DDX26B
4039,DDX27
4040,DDX28
4041,DDX31
4042,DDX39A
4043,DDX39B
4044,DDX3X
4045,DDX3Y
4046,DDX4
4047,DDX41
4048,DDX42
4049,DDX43
4050,DDX46
4051,DDX47
4052,DDX49
4053,DDX5
4054,DDX50
4055,DDX51
4056,DDX52
4057,DDX53
4058,DDX54
4059,DDX55
4060,DDX56
4061,DDX58
4062,DDX59
4063,DDX6
4064,DDX60
4065,DDX60L
4066,DEAF1
4067,DEC1
4068,DECR1
4069,DECR2
4070,DEDD
4071,DEDD2
4072,DEF6
4073,DEF8
4074,DEFA1
4075,DEFA4
4076,DEFA5
4077,DEFA6
4078,DEFB1
4079,DEFB103A
4080,DEFB103B
4081,DEFB104A
4082,DEFB105A
4083,DEFB106A
4084,DEFB107B
4085,DEFB108B
4086,DEFB110
4087,DEFB112
4088,DEFB113
4089,DEFB114
4090,DEFB115
4091,DEFB116
4092,DEFB118
4093,DEFB119
4094,DEFB121
4095,DEFB123
4096,DEFB124
4097,DEFB125
4098,DEFB126
4099,DEFB127
4100,DEFB128
4101,DEFB129
4102,DEFB131
4103,DEFB132
4104,DEFB133
4105,DEFB134
4106,DEFB135
4107,DEFB136
4108,DEFB4A
4109,DEFB4B
4110,DEGS1
4111,DEGS2
4112,DEK
4113,DENND1A
4114,DENND1B
4115,DENND1C
4116,DENND2A
4117,DENND2C
4118,DENND2D
4119,DENND3
4120,DENND4A
4121,DENND4B
4122,DENND4C
4123,DENND5A
4124,DENND5B
4125,DENR
4126,DEPDC1
4127,DEPDC1B
4128,DEPDC4
4129,DEPDC5
4130,DEPDC7
4131,DEPTOR
4132,DERA
4133,DERL1
4134,DERL2
4135,DERL3
4136,DES
4137,DET1
4138,DEXI
4139,DFFA
4140,DFFB
4141,DFNA5
4142,DFNB31
4143,DFNB59
4144,DGAT1
4145,DGAT2
4146,DGAT2L6
4147,DGCR14
4148,DGCR2
4149,DGCR6
4150,DGCR6L
4151,DGCR8
4152,DGKA
4153,DGKB
4154,DGKD
4155,DGKE
4156,DGKG
4157,DGKH
4158,DGKI
4159,DGKK
4160,DGKQ
4161,DGKZ
4162,DGUOK
4163,DHCR24
4164,DHCR7
4165,DHDDS
4166,DHDH
4167,DHFR
4168,DHFRL1
4169,DHH
4170,DHODH
4171,DHPS
4172,DHRS1
4173,DHRS11
4174,DHRS12
4175,DHRS13
4176,DHRS2
4177,DHRS3
4178,DHRS4
4179,DHRS4L1
4180,DHRS4L2
4181,DHRS7
4182,DHRS7B
4183,DHRS7C
4184,DHRS9
4185,DHRSX
4186,DHTKD1
4187,DHX15
4188,DHX16
4189,DHX29
4190,DHX30
4191,DHX32
4192,DHX33
4193,DHX34
4194,DHX35
4195,DHX36
4196,DHX37
4197,DHX38
4198,DHX40
4199,DHX57
4200,DHX58
4201,DHX8
4202,DHX9
4203,DIABLO
4204,DIAPH1
4205,DIAPH2
4206,DIAPH3
4207,DICER1
4208,DIDO1
4209,DIEXF
4210,DIMT1
4211,DIO1
4212,DIO2
4213,DIO3
4214,DIP2A
4215,DIP2B
4216,DIP2C
4217,DIRAS1
4218,DIRAS2
4219,DIRAS3
4220,DIRC1
4221,DIRC2
4222,DIS3
4223,DIS3L
4224,DIS3L2
4225,DISC1
4226,DISP1
4227,DISP2
4228,DIXDC1
4229,DKC1
4230,DKK1
4231,DKK2
4232,DKK3
4233,DKK4
4234,DKKL1
4235,DLAT
4236,DLC1
4237,DLD
4238,DLEC1
4239,DLEU7
4240,DLG1
4241,DLG2
4242,DLG3
4243,DLG4
4244,DLG5
4245,DLGAP1
4246,DLGAP2
4247,DLGAP3
4248,DLGAP4
4249,DLGAP5
4250,DLK1
4251,DLK2
4252,DLL1
4253,DLL3
4254,DLL4
4255,DLST
4256,DLX1
4257,DLX2
4258,DLX3
4259,DLX4
4260,DLX5
4261,DLX6
4262,DMAP1
4263,DMBT1
4264,DMBX1
4265,DMC1
4266,DMD
4267,DMGDH
4268,DMKN
4269,DMP1
4270,DMPK
4271,DMRT1
4272,DMRT2
4273,DMRT3
4274,DMRTA1
4275,DMRTA2
4276,DMRTB1
4277,DMRTC1
4278,DMRTC2
4279,DMTF1
4280,DMWD
4281,DMXL1
4282,DMXL2
4283,DNA2
4284,DNAAF1
4285,DNAAF2
4286,DNAH1
4287,DNAH10
4288,DNAH11
4289,DNAH12
4290,DNAH14
4291,DNAH17
4292,DNAH2
4293,DNAH3
4294,DNAH5
4295,DNAH6
4296,DNAH7
4297,DNAH8
4298,DNAH9
4299,DNAI1
4300,DNAI2
4301,DNAJA1
4302,DNAJA2
4303,DNAJA3
4304,DNAJA4
4305,DNAJB1
4306,DNAJB11
4307,DNAJB12
4308,DNAJB13
4309,DNAJB14
4310,DNAJB2
4311,DNAJB3
4312,DNAJB4
4313,DNAJB5
4314,DNAJB6
4315,DNAJB7
4316,DNAJB8
4317,DNAJB9
4318,DNAJC1
4319,DNAJC10
4320,DNAJC11
4321,DNAJC12
4322,DNAJC13
4323,DNAJC14
4324,DNAJC15
4325,DNAJC16
4326,DNAJC17
4327,DNAJC18
4328,DNAJC19
4329,DNAJC2
4330,DNAJC21
4331,DNAJC22
4332,DNAJC24
4333,DNAJC25
4334,DNAJC25-GNG10
4335,DNAJC27
4336,DNAJC28
4337,DNAJC3
4338,DNAJC30
4339,DNAJC4
4340,DNAJC5
4341,DNAJC5B
4342,DNAJC5G
4343,DNAJC6
4344,DNAJC7
4345,DNAJC8
4346,DNAJC9
4347,DNAL1
4348,DNAL4
4349,DNALI1
4350,DNASE1
4351,DNASE1L1
4352,DNASE1L2
4353,DNASE1L3
4354,DNASE2
4355,DNASE2B
4356,DND1
4357,DNER
4358,DNHD1
4359,DNLZ
4360,DNM1
4361,DNM1L
4362,DNM2
4363,DNM3
4364,DNMBP
4365,DNMT1
4366,DNMT3A
4367,DNMT3B
4368,DNMT3L
4369,DNPEP
4370,DNTT
4371,DNTTIP1
4372,DNTTIP2
4373,DOC2A
4374,DOC2B
4375,DOCK1
4376,DOCK10
4377,DOCK11
4378,DOCK2
4379,DOCK3
4380,DOCK4
4381,DOCK5
4382,DOCK6
4383,DOCK7
4384,DOCK8
4385,DOCK9
4386,DOHH
4387,DOK1
4388,DOK2
4389,DOK3
4390,DOK4
4391,DOK5
4392,DOK6
4393,DOK7
4394,DOLK
4395,DOLPP1
4396,DONSON
4397,DOPEY1
4398,DOPEY2
4399,DOT1L
4400,DPAGT1
4401,DPCD
4402,DPCR1
4403,DPEP1
4404,DPEP2
4405,DPEP3
4406,DPF1
4407,DPF2
4408,DPF3
4409,DPH1
4410,DPH2
4411,DPH3
4412,DPH3P1
4413,DPH5
4414,DPM1
4415,DPM2
4416,DPM3
4417,DPP10
4418,DPP3
4419,DPP4
4420,DPP6
4421,DPP7
4422,DPP8
4423,DPP9
4424,DPPA2
4425,DPPA3
4426,DPPA4
4427,DPPA5
4428,DPRX
4429,DPT
4430,DPY19L1
4431,DPY19L2
4432,DPY19L3
4433,DPY19L4
4434,DPY30
4435,DPYD
4436,DPYS
4437,DPYSL2
4438,DPYSL3
4439,DPYSL4
4440,DPYSL5
4441,DQX1
4442,DR1
4443,DRAM1
4444,DRAM2
4445,DRAP1
4446,DRD1
4447,DRD2
4448,DRD3
4449,DRD4
4450,DRD5
4451,DRG1
4452,DRG2
4453,DRGX
4454,DROSHA
4455,DRP2
4456,DSC1
4457,DSC2
4458,DSC3
4459,DSCAM
4460,DSCAML1
4461,DSCC1
4462,DSCR3
4463,DSCR4
4464,DSE
4465,DSEL
4466,DSG1
4467,DSG2
4468,DSG3
4469,DSG4
4470,DSN1
4471,DSP
4472,DSPP
4473,DST
4474,DSTN
4475,DSTYK
4476,DTD1
4477,DTHD1
4478,DTL
4479,DTNA
4480,DTNB
4481,DTNBP1
4482,DTWD1
4483,DTWD2
4484,DTX1
4485,DTX2
4486,DTX3
4487,DTX3L
4488,DTX4
4489,DTYMK
4490,DUOX1
4491,DUOX2
4492,DUOXA1
4493,DUOXA2
4494,DUPD1
4495,DUS1L
4496,DUS3L
4497,DUS4L
4498,DUSP1
4499,DUSP10
4500,DUSP11
4501,DUSP12
4502,DUSP13
4503,DUSP14
4504,DUSP15
4505,DUSP16
4506,DUSP18
4507,DUSP19
4508,DUSP2
4509,DUSP21
4510,DUSP22
4511,DUSP23
4512,DUSP26
4513,DUSP27
4514,DUSP28
4515,DUSP3
4516,DUSP4
4517,DUSP5
4518,DUSP6
4519,DUSP7
4520,DUSP8
4521,DUSP9
4522,DUT
4523,DUX4L4
4524,DUXA
4525,DVL1
4526,DVL2
4527,DVL3
4528,DYDC1
4529,DYDC2
4530,DYM
4531,DYNC1H1
4532,DYNC1I1
4533,DYNC1I2
4534,DYNC1LI1
4535,DYNC1LI2
4536,DYNC2H1
4537,DYNC2LI1
4538,DYNLL1
4539,DYNLL2
4540,DYNLRB1
4541,DYNLRB2
4542,DYNLT1
4543,DYNLT3
4544,DYRK1A
4545,DYRK1B
4546,DYRK2
4547,DYRK3
4548,DYRK4
4549,DYSF
4550,DYTN
4551,DYX1C1
4552,DZANK1
4553,DZIP1
4554,DZIP1L
4555,DZIP3
4556,E2F1
4557,E2F2
4558,E2F3
4559,E2F4
4560,E2F5
4561,E2F6
4562,E2F7
4563,E2F8
4564,E4F1
4565,EAF1
4566,EAF2
4567,EAPP
4568,EARS2
4569,EBAG9
4570,EBF1
4571,EBF2
4572,EBF3
4573,EBF4
4574,EBI3
4575,EBLN1
4576,EBLN2
4577,EBNA1BP2
4578,EBP
4579,EBPL
4580,ECD
4581,ECE1
4582,ECE2
4583,ECEL1
4584,ECH1
4585,ECHDC1
4586,ECHDC2
4587,ECHDC3
4588,ECHS1
4589,ECI1
4590,ECI2
4591,ECM1
4592,ECM2
4593,ECSCR
4594,ECSIT
4595,ECT2
4596,ECT2L
4597,EDA
4598,EDA2R
4599,EDAR
4600,EDARADD
4601,EDC3
4602,EDC4
4603,EDDM3A
4604,EDDM3B
4605,EDEM1
4606,EDEM2
4607,EDEM3
4608,EDF1
4609,EDIL3
4610,EDN1
4611,EDN2
4612,EDN3
4613,EDNRA
4614,EDNRB
4615,EEA1
4616,EED
4617,EEF1A1
4618,EEF1A2
4619,EEF1B2
4620,EEF1D
4621,EEF1E1
4622,EEF1G
4623,EEF2
4624,EEF2K
4625,EEFSEC
4626,EEPD1
4627,EFCAB1
4628,EFCAB11
4629,EFCAB2
4630,EFCAB3
4631,EFCAB4A
4632,EFCAB4B
4633,EFCAB5
4634,EFCAB6
4635,EFCAB7
4636,EFCAB9
4637,EFEMP1
4638,EFEMP2
4639,EFHB
4640,EFHC1
4641,EFHC2
4642,EFHD1
4643,EFHD2
4644,EFNA1
4645,EFNA2
4646,EFNA3
4647,EFNA4
4648,EFNA5
4649,EFNB1
4650,EFNB2
4651,EFNB3
4652,EFR3A
4653,EFR3B
4654,EFS
4655,EFTUD1
4656,EFTUD2
4657,EGF
4658,EGFL6
4659,EGFL7
4660,EGFL8
4661,EGFLAM
4662,EGFR
4663,EGLN1
4664,EGLN2
4665,EGLN3
4666,EGR1
4667,EGR2
4668,EGR3
4669,EGR4
4670,EHBP1
4671,EHBP1L1
4672,EHD1
4673,EHD2
4674,EHD3
4675,EHD4
4676,EHF
4677,EHHADH
4678,EHMT1
4679,EHMT2
4680,EI24
4681,EID1
4682,EID2
4683,EID2B
4684,EID3
4685,EIF1
4686,EIF1AD
4687,EIF1AX
4688,EIF1AY
4689,EIF1B
4690,EIF2A
4691,EIF2AK1
4692,EIF2AK2
4693,EIF2AK3
4694,EIF2AK4
4695,EIF2B1
4696,EIF2B2
4697,EIF2B3
4698,EIF2B4
4699,EIF2B5
4700,EIF2D
4701,EIF2S1
4702,EIF2S2
4703,EIF2S3
4704,EIF3A
4705,EIF3B
4706,EIF3C
4707,EIF3CL
4708,EIF3D
4709,EIF3E
4710,EIF3F
4711,EIF3G
4712,EIF3H
4713,EIF3I
4714,EIF3J
4715,EIF3K
4716,EIF3L
4717,EIF3M
4718,EIF4A1
4719,EIF4A2
4720,EIF4A3
4721,EIF4B
4722,EIF4E
4723,EIF4E1B
4724,EIF4E2
4725,EIF4E3
4726,EIF4EBP1
4727,EIF4EBP2
4728,EIF4EBP3
4729,EIF4ENIF1
4730,EIF4G1
4731,EIF4G2
4732,EIF4G3
4733,EIF4H
4734,EIF5
4735,EIF5A
4736,EIF5A2
4737,EIF5AL1
4738,EIF5B
4739,EIF6
4740,ELAC1
4741,ELAC2
4742,ELANE
4743,ELAVL1
4744,ELAVL2
4745,ELAVL3
4746,ELAVL4
4747,ELF1
4748,ELF2
4749,ELF3
4750,ELF4
4751,ELF5
4752,ELFN1
4753,ELFN2
4754,ELK1
4755,ELK3
4756,ELK4
4757,ELL
4758,ELL2
4759,ELL3
4760,ELMO1
4761,ELMO2
4762,ELMO3
4763,ELMOD1
4764,ELMOD2
4765,ELMOD3
4766,ELN
4767,ELOF1
4768,ELOVL1
4769,ELOVL2
4770,ELOVL3
4771,ELOVL4
4772,ELOVL5
4773,ELOVL6
4774,ELOVL7
4775,ELP2
4776,ELP3
4777,ELP4
4778,ELSPBP1
4779,ELTD1
4780,EMB
4781,EMCN
4782,EMD
4783,EME1
4784,EME2
4785,EMG1
4786,EMID1
4787,EMILIN1
4788,EMILIN2
4789,EMILIN3
4790,EML1
4791,EML2
4792,EML3
4793,EML4
4794,EML5
4795,EML6
4796,EMP1
4797,EMP2
4798,EMP3
4799,EMR1
4800,EMR2
4801,EMR3
4802,EMX1
4803,EMX2
4804,EN1
4805,EN2
4806,ENAH
4807,ENAM
4808,ENC1
4809,ENDOD1
4810,ENDOG
4811,ENDOU
4812,ENDOV
4813,ENG
4814,ENGASE
4815,ENHO
4816,ENKUR
4817,ENO1
4818,ENO2
4819,ENO3
4820,ENO4
4821,ENOPH1
4822,ENOSF1
4823,ENOX1
4824,ENOX2
4825,ENPEP
4826,ENPP1
4827,ENPP2
4828,ENPP3
4829,ENPP4
4830,ENPP5
4831,ENPP6
4832,ENPP7
4833,ENSA
4834,ENTHD1
4835,ENTPD1
4836,ENTPD2
4837,ENTPD3
4838,ENTPD4
4839,ENTPD5
4840,ENTPD6
4841,ENTPD7
4842,ENTPD8
4843,ENY2
4844,EOMES
4845,EP300
4846,EP400
4847,EPAS1
4848,EPB41
4849,EPB41L1
4850,EPB41L2
4851,EPB41L3
4852,EPB41L4A
4853,EPB41L4B
4854,EPB41L5
4855,EPB42
4856,EPC1
4857,EPC2
4858,EPCAM
4859,EPDR1
4860,EPG5
4861,EPGN
4862,EPHA1
4863,EPHA10
4864,EPHA2
4865,EPHA3
4866,EPHA4
4867,EPHA5
4868,EPHA6
4869,EPHA7
4870,EPHA8
4871,EPHB1
4872,EPHB2
4873,EPHB3
4874,EPHB4
4875,EPHB6
4876,EPHX1
4877,EPHX2
4878,EPHX3
4879,EPHX4
4880,EPM2A
4881,EPM2AIP1
4882,EPN1
4883,EPN2
4884,EPN3
4885,EPO
4886,EPOR
4887,EPPK1
4888,EPRS
4889,EPS15
4890,EPS15L1
4891,EPS8
4892,EPS8L1
4893,EPS8L2
4894,EPS8L3
4895,EPSTI1
4896,EPT1
4897,EPX
4898,EPYC
4899,ERAL1
4900,ERAP1
4901,ERAP2
4902,ERAS
4903,ERBB2
4904,ERBB2IP
4905,ERBB3
4906,ERBB4
4907,ERC1
4908,ERC2
4909,ERCC1
4910,ERCC2
4911,ERCC3
4912,ERCC4
4913,ERCC5
4914,ERCC6
4915,ERCC6L
4916,ERCC8
4917,EREG
4918,ERF
4919,ERG
4920,ERGIC1
4921,ERGIC2
4922,ERGIC3
4923,ERH
4924,ERI1
4925,ERI2
4926,ERI3
4927,ERICH1
4928,ERLEC1
4929,ERLIN1
4930,ERLIN2
4931,ERMAP
4932,ERMN
4933,ERMP1
4934,ERN1
4935,ERN2
4936,ERO1L
4937,ERO1LB
4938,ERP27
4939,ERP29
4940,ERP44
4941,ERRFI1
4942,ERV3-1
4943,ERVFRD-1
4944,ERVMER34-1
4945,ERVV-1
4946,ERVV-2
4947,ERVW-1
4948,ESAM
4949,ESCO1
4950,ESCO2
4951,ESD
4952,ESF1
4953,ESM1
4954,ESPL1
4955,ESPN
4956,ESPNL
4957,ESR1
4958,ESR2
4959,ESRP1
4960,ESRP2
4961,ESRRA
4962,ESRRB
4963,ESRRG
4964,ESX1
4965,ESYT1
4966,ESYT2
4967,ESYT3
4968,ETAA1
4969,ETF1
4970,ETFA
4971,ETFB
4972,ETFDH
4973,ETHE1
4974,ETNK1
4975,ETNK2
4976,ETS1
4977,ETS2
4978,ETV1
4979,ETV2
4980,ETV3
4981,ETV3L
4982,ETV4
4983,ETV5
4984,ETV6
4985,ETV7
4986,EVC
4987,EVC2
4988,EVI2A
4989,EVI2B
4990,EVI5
4991,EVI5L
4992,EVL
4993,EVPL
4994,EVPLL
4995,EVX1
4996,EVX2
4997,EWSR1
4998,EXD1
4999,EXD2
5000,EXD3
5001,EXO1
5002,EXOC1
5003,EXOC2
5004,EXOC3
5005,EXOC3L1
5006,EXOC3L2
5007,EXOC3L4
5008,EXOC4
5009,EXOC5
5010,EXOC6
5011,EXOC6B
5012,EXOC7
5013,EXOC8
5014,EXOG
5015,EXOSC1
5016,EXOSC10
5017,EXOSC2
5018,EXOSC3
5019,EXOSC4
5020,EXOSC5
5021,EXOSC6
5022,EXOSC7
5023,EXOSC8
5024,EXOSC9
5025,EXPH5
5026,EXT1
5027,EXT2
5028,EXTL1
5029,EXTL2
5030,EXTL3
5031,EYA1
5032,EYA2
5033,EYA3
5034,EYA4
5035,EYS
5036,EZH1
5037,EZH2
5038,EZR
5039,F10
5040,F11
5041,F11R
5042,F12
5043,F13A1
5044,F13B
5045,F2
5046,F2R
5047,F2RL1
5048,F2RL2
5049,F2RL3
5050,F3
5051,F5
5052,F7
5053,F8
5054,F8A3
5055,F9
5056,FA2H
5057,FAAH
5058,FAAH2
5059,FABP1
5060,FABP12
5061,FABP2
5062,FABP3
5063,FABP4
5064,FABP5
5065,FABP6
5066,FABP7
5067,FABP9
5068,FADD
5069,FADS1
5070,FADS2
5071,FADS3
5072,FADS6
5073,FAF1
5074,FAF2
5075,FAH
5076,FAHD1
5077,FAHD2A
5078,FAHD2B
5079,FAIM
5080,FAIM2
5081,FAIM3
5082,FAM101A
5083,FAM101B
5084,FAM102A
5085,FAM102B
5086,FAM103A1
5087,FAM104A
5088,FAM104B
5089,FAM105A
5090,FAM107A
5091,FAM107B
5092,FAM109A
5093,FAM109B
5094,FAM110A
5095,FAM110B
5096,FAM110C
5097,FAM110D
5098,FAM111A
5099,FAM111B
5100,FAM114A1
5101,FAM114A2
5102,FAM115A
5103,FAM115C
5104,FAM117A
5105,FAM117B
5106,FAM118A
5107,FAM118B
5108,FAM120A
5109,FAM120AOS
5110,FAM120B
5111,FAM120C
5112,FAM122A
5113,FAM122B
5114,FAM122C
5115,FAM124A
5116,FAM124B
5117,FAM126A
5118,FAM126B
5119,FAM127A
5120,FAM127B
5121,FAM127C
5122,FAM129A
5123,FAM129B
5124,FAM129C
5125,FAM131A
5126,FAM131B
5127,FAM131C
5128,FAM132A
5129,FAM133A
5130,FAM133B
5131,FAM134A
5132,FAM134B
5133,FAM134C
5134,FAM135A
5135,FAM135B
5136,FAM136A
5137,FAM13A
5138,FAM13B
5139,FAM13C
5140,FAM149A
5141,FAM149B1
5142,FAM150A
5143,FAM150B
5144,FAM151A
5145,FAM151B
5146,FAM153A
5147,FAM153B
5148,FAM154A
5149,FAM154B
5150,FAM155A
5151,FAM155B
5152,FAM156A
5153,FAM156B
5154,FAM157A
5155,FAM157B
5156,FAM159A
5157,FAM159B
5158,FAM160A1
5159,FAM160A2
5160,FAM160B1
5161,FAM160B2
5162,FAM161A
5163,FAM161B
5164,FAM162A
5165,FAM162B
5166,FAM163A
5167,FAM163B
5168,FAM166A
5169,FAM166B
5170,FAM167A
5171,FAM167B
5172,FAM168A
5173,FAM168B
5174,FAM169A
5175,FAM169B
5176,FAM170A
5177,FAM170B
5178,FAM171A1
5179,FAM171A2
5180,FAM171B
5181,FAM172A
5182,FAM173A
5183,FAM173B
5184,FAM174A
5185,FAM174B
5186,FAM175A
5187,FAM175B
5188,FAM177A1
5189,FAM177B
5190,FAM178A
5191,FAM178B
5192,FAM179A
5193,FAM179B
5194,FAM180A
5195,FAM180B
5196,FAM181A
5197,FAM181B
5198,FAM183A
5199,FAM184A
5200,FAM184B
5201,FAM185A
5202,FAM186A
5203,FAM186B
5204,FAM187B
5205,FAM188A
5206,FAM188B
5207,FAM189A1
5208,FAM189A2
5209,FAM189B
5210,FAM192A
5211,FAM193A
5212,FAM193B
5213,FAM195A
5214,FAM195B
5215,FAM196A
5216,FAM196B
5217,FAM198A
5218,FAM198B
5219,FAM199X
5220,FAM19A1
5221,FAM19A2
5222,FAM19A3
5223,FAM19A4
5224,FAM19A5
5225,FAM200A
5226,FAM200B
5227,FAM203A
5228,FAM204A
5229,FAM205A
5230,FAM206A
5231,FAM207A
5232,FAM208A
5233,FAM208B
5234,FAM209A
5235,FAM209B
5236,FAM20A
5237,FAM20B
5238,FAM20C
5239,FAM210A
5240,FAM210B
5241,FAM212A
5242,FAM212B
5243,FAM213A
5244,FAM213B
5245,FAM214A
5246,FAM214B
5247,FAM21A
5248,FAM21B
5249,FAM21C
5250,FAM24A
5251,FAM24B
5252,FAM25A
5253,FAM25B
5254,FAM26D
5255,FAM26E
5256,FAM26F
5257,FAM32A
5258,FAM35A
5259,FAM3A
5260,FAM3B
5261,FAM3C
5262,FAM3D
5263,FAM43A
5264,FAM43B
5265,FAM45A
5266,FAM46A
5267,FAM46B
5268,FAM46C
5269,FAM46D
5270,FAM47A
5271,FAM47B
5272,FAM47C
5273,FAM47E
5274,FAM47E-STBD1
5275,FAM49A
5276,FAM49B
5277,FAM50A
5278,FAM50B
5279,FAM53A
5280,FAM53B
5281,FAM53C
5282,FAM55B
5283,FAM57A
5284,FAM57B
5285,FAM58A
5286,FAM60A
5287,FAM63A
5288,FAM63B
5289,FAM64A
5290,FAM65A
5291,FAM65B
5292,FAM65C
5293,FAM69A
5294,FAM69B
5295,FAM69C
5296,FAM71A
5297,FAM71B
5298,FAM71C
5299,FAM71D
5300,FAM71E1
5301,FAM71E2
5302,FAM71F1
5303,FAM71F2
5304,FAM72A
5305,FAM72B
5306,FAM72D
5307,FAM73A
5308,FAM73B
5309,FAM76A
5310,FAM76B
5311,FAM78A
5312,FAM78B
5313,FAM81A
5314,FAM81B
5315,FAM83A
5316,FAM83B
5317,FAM83C
5318,FAM83D
5319,FAM83E
5320,FAM83F
5321,FAM83G
5322,FAM83H
5323,FAM84A
5324,FAM84B
5325,FAM86A
5326,FAM86B1
5327,FAM86B2
5328,FAM86C1
5329,FAM89A
5330,FAM89B
5331,FAM8A1
5332,FAM90A1
5333,FAM91A1
5334,FAM92A1
5335,FAM92B
5336,FAM96A
5337,FAM96B
5338,FAM98A
5339,FAM98B
5340,FAM98C
5341,FAM9A
5342,FAM9B
5343,FAM9C
5344,FAN1
5345,FANCA
5346,FANCB
5347,FANCC
5348,FANCD2
5349,FANCE
5350,FANCF
5351,FANCG
5352,FANCI
5353,FANCL
5354,FANCM
5355,FANK1
5356,FAP
5357,FAR1
5358,FAR2
5359,FARP1
5360,FARP2
5361,FARS2
5362,FARSA
5363,FARSB
5364,FAS
5365,FASLG
5366,FASN
5367,FASTK
5368,FASTKD1
5369,FASTKD2
5370,FASTKD3
5371,FASTKD5
5372,FAT1
5373,FAT2
5374,FAT3
5375,FAT4
5376,FATE1
5377,FAU
5378,FBF1
5379,FBL
5380,FBLIM1
5381,FBLN1
5382,FBLN2
5383,FBLN5
5384,FBLN7
5385,FBN1
5386,FBN2
5387,FBN3
5388,FBP1
5389,FBP2
5390,FBRS
5391,FBRSL1
5392,FBXL12
5393,FBXL13
5394,FBXL14
5395,FBXL15
5396,FBXL16
5397,FBXL17
5398,FBXL18
5399,FBXL19
5400,FBXL2
5401,FBXL20
5402,FBXL21
5403,FBXL22
5404,FBXL3
5405,FBXL4
5406,FBXL5
5407,FBXL6
5408,FBXL7
5409,FBXL8
5410,FBXO10
5411,FBXO11
5412,FBXO15
5413,FBXO16
5414,FBXO17
5415,FBXO18
5416,FBXO2
5417,FBXO21
5418,FBXO22
5419,FBXO24
5420,FBXO25
5421,FBXO27
5422,FBXO28
5423,FBXO3
5424,FBXO30
5425,FBXO31
5426,FBXO32
5427,FBXO33
5428,FBXO34
5429,FBXO36
5430,FBXO38
5431,FBXO39
5432,FBXO4
5433,FBXO40
5434,FBXO41
5435,FBXO42
5436,FBXO43
5437,FBXO44
5438,FBXO45
5439,FBXO46
5440,FBXO47
5441,FBXO48
5442,FBXO5
5443,FBXO6
5444,FBXO7
5445,FBXO8
5446,FBXO9
5447,FBXW10
5448,FBXW11
5449,FBXW12
5450,FBXW2
5451,FBXW4
5452,FBXW5
5453,FBXW7
5454,FBXW8
5455,FBXW9
5456,FCAMR
5457,FCAR
5458,FCER1A
5459,FCER1G
5460,FCER2
5461,FCF1
5462,FCGBP
5463,FCGR1A
5464,FCGR1B
5465,FCGR2A
5466,FCGR2B
5467,FCGR2C
5468,FCGR3A
5469,FCGR3B
5470,FCGRT
5471,FCHO1
5472,FCHO2
5473,FCHSD1
5474,FCHSD2
5475,FCN1
5476,FCN2
5477,FCN3
5478,FCRL1
5479,FCRL2
5480,FCRL3
5481,FCRL4
5482,FCRL5
5483,FCRL6
5484,FCRLA
5485,FCRLB
5486,FDCSP
5487,FDFT1
5488,FDPS
5489,FDX1
5490,FDX1L
5491,FDXACB1
5492,FDXR
5493,FECH
5494,FEM1A
5495,FEM1B
5496,FEM1C
5497,FEN1
5498,FER
5499,FER1L5
5500,FER1L6
5501,FERD3L
5502,FERMT1
5503,FERMT2
5504,FERMT3
5505,FES
5506,FETUB
5507,FEV
5508,FEZ1
5509,FEZ2
5510,FEZF1
5511,FEZF2
5512,FFAR1
5513,FFAR2
5514,FFAR3
5515,FGA
5516,FGB
5517,FGD1
5518,FGD2
5519,FGD3
5520,FGD4
5521,FGD5
5522,FGD6
5523,FGF1
5524,FGF10
5525,FGF11
5526,FGF12
5527,FGF13
5528,FGF14
5529,FGF16
5530,FGF17
5531,FGF18
5532,FGF19
5533,FGF2
5534,FGF20
5535,FGF21
5536,FGF22
5537,FGF23
5538,FGF3
5539,FGF4
5540,FGF5
5541,FGF6
5542,FGF7
5543,FGF8
5544,FGF9
5545,FGFBP1
5546,FGFBP2
5547,FGFBP3
5548,FGFR1
5549,FGFR1OP
5550,FGFR1OP2
5551,FGFR2
5552,FGFR3
5553,FGFR4
5554,FGFRL1
5555,FGG
5556,FGGY
5557,FGL1
5558,FGL2
5559,FGR
5560,FH
5561,FHAD1
5562,FHDC1
5563,FHIT
5564,FHL1
5565,FHL2
5566,FHL3
5567,FHL5
5568,FHOD1
5569,FHOD3
5570,FIBCD1
5571,FIBIN
5572,FIBP
5573,FICD
5574,FIG4
5575,FIGF
5576,FIGLA
5577,FIGN
5578,FIGNL1
5579,FIGNL2
5580,FILIP1
5581,FILIP1L
5582,FIP1L1
5583,FIS1
5584,FITM1
5585,FITM2
5586,FIZ1
5587,FJX1
5588,FKBP10
5589,FKBP11
5590,FKBP14
5591,FKBP15
5592,FKBP1A
5593,FKBP1B
5594,FKBP2
5595,FKBP3
5596,FKBP4
5597,FKBP5
5598,FKBP6
5599,FKBP7
5600,FKBP8
5601,FKBP9
5602,FKBPL
5603,FKRP
5604,FKTN
5605,FLAD1
5606,FLCN
5607,FLG
5608,FLG2
5609,FLI1
5610,FLII
5611,FLJ22184
5612,FLJ44635
5613,FLJ45513
5614,FLNA
5615,FLNB
5616,FLNC
5617,FLOT1
5618,FLOT2
5619,FLRT1
5620,FLRT2
5621,FLRT3
5622,FLT1
5623,FLT3
5624,FLT3LG
5625,FLT4
5626,FLVCR1
5627,FLVCR2
5628,FLYWCH1
5629,FLYWCH2
5630,FMN1
5631,FMN2
5632,FMNL1
5633,FMNL2
5634,FMNL3
5635,FMO1
5636,FMO2
5637,FMO3
5638,FMO4
5639,FMO5
5640,FMOD
5641,FMR1
5642,FMR1NB
5643,FN1
5644,FN3K
5645,FN3KRP
5646,FNBP1
5647,FNBP1L
5648,FNBP4
5649,FNDC1
5650,FNDC3A
5651,FNDC3B
5652,FNDC4
5653,FNDC5
5654,FNDC7
5655,FNDC8
5656,FNDC9
5657,FNIP1
5658,FNIP2
5659,FNTA
5660,FNTB
5661,FOLH1
5662,FOLH1B
5663,FOLR1
5664,FOLR2
5665,FOLR3
5666,FOLR4
5667,FOPNL
5668,FOS
5669,FOSB
5670,FOSL1
5671,FOSL2
5672,FOXA1
5673,FOXA2
5674,FOXA3
5675,FOXB1
5676,FOXB2
5677,FOXC1
5678,FOXC2
5679,FOXD1
5680,FOXD2
5681,FOXD3
5682,FOXD4
5683,FOXD4L1
5684,FOXD4L3
5685,FOXD4L4
5686,FOXD4L5
5687,FOXD4L6
5688,FOXE1
5689,FOXE3
5690,FOXF1
5691,FOXF2
5692,FOXG1
5693,FOXH1
5694,FOXI1
5695,FOXI2
5696,FOXI3
5697,FOXJ1
5698,FOXJ2
5699,FOXJ3
5700,FOXK1
5701,FOXK2
5702,FOXL1
5703,FOXL2
5704,FOXM1
5705,FOXN1
5706,FOXN2
5707,FOXN3
5708,FOXN4
5709,FOXO1
5710,FOXO3
5711,FOXO4
5712,FOXP1
5713,FOXP2
5714,FOXP3
5715,FOXP4
5716,FOXQ1
5717,FOXR1
5718,FOXR2
5719,FOXRED1
5720,FOXRED2
5721,FOXS1
5722,FPGS
5723,FPGT
5724,FPGT-TNNI3K
5725,FPR1
5726,FPR2
5727,FPR3
5728,FRA10AC1
5729,FRAS1
5730,FRAT1
5731,FRAT2
5732,FREM1
5733,FREM2
5734,FREM3
5735,FRG1
5736,FRG2
5737,FRG2B
5738,FRG2C
5739,FRK
5740,FRMD1
5741,FRMD3
5742,FRMD4A
5743,FRMD4B
5744,FRMD5
5745,FRMD6
5746,FRMD7
5747,FRMD8
5748,FRMPD1
5749,FRMPD2
5750,FRMPD4
5751,FRRS1
5752,FRS2
5753,FRS3
5754,FRY
5755,FRYL
5756,FRZB
5757,FSCB
5758,FSCN1
5759,FSCN2
5760,FSCN3
5761,FSD1
5762,FSD1L
5763,FSD2
5764,FSHB
5765,FSHR
5766,FSIP1
5767,FSIP2
5768,FST
5769,FSTL1
5770,FSTL3
5771,FSTL4
5772,FSTL5
5773,FTCD
5774,FTH1
5775,FTHL17
5776,FTL
5777,FTMT
5778,FTO
5779,FTSJ1
5780,FTSJ2
5781,FTSJ3
5782,FUBP1
5783,FUBP3
5784,FUCA1
5785,FUCA2
5786,FUK
5787,FUNDC1
5788,FUNDC2
5789,FURIN
5790,FUS
5791,FUT1
5792,FUT10
5793,FUT11
5794,FUT2
5795,FUT3
5796,FUT4
5797,FUT5
5798,FUT6
5799,FUT7
5800,FUT8
5801,FUT9
5802,FUZ
5803,FXN
5804,FXR1
5805,FXR2
5806,FXYD1
5807,FXYD2
5808,FXYD3
5809,FXYD4
5810,FXYD5
5811,FXYD6
5812,FXYD6-FXYD2
5813,FXYD7
5814,FYB
5815,FYCO1
5816,FYN
5817,FYTTD1
5818,FZD1
5819,FZD10
5820,FZD2
5821,FZD3
5822,FZD4
5823,FZD5
5824,FZD6
5825,FZD7
5826,FZD8
5827,FZD9
5828,FZR1
5829,G0S2
5830,G2E3
5831,G3BP1
5832,G3BP2
5833,G6PC
5834,G6PC2
5835,G6PC3
5836,G6PD
5837,GAA
5838,GAB1
5839,GAB2
5840,GAB3
5841,GAB4
5842,GABARAP
5843,GABARAPL1
5844,GABARAPL2
5845,GABBR1
5846,GABBR2
5847,GABPA
5848,GABPB1
5849,GABPB2
5850,GABRA1
5851,GABRA2
5852,GABRA3
5853,GABRA4
5854,GABRA5
5855,GABRA6
5856,GABRB1
5857,GABRB2
5858,GABRB3
5859,GABRD
5860,GABRE
5861,GABRG1
5862,GABRG2
5863,GABRG3
5864,GABRP
5865,GABRQ
5866,GABRR1
5867,GABRR2
5868,GABRR3
5869,GAD1
5870,GAD2
5871,GADD45A
5872,GADD45B
5873,GADD45G
5874,GADD45GIP1
5875,GADL1
5876,GAGE1
5877,GAGE10
5878,GAGE12B
5879,GAGE12E
5880,GAGE12J
5881,GAGE2C
5882,GAGE2E
5883,GAGE4
5884,GAGE7
5885,GAGE8
5886,GAK
5887,GAL
5888,GAL3ST1
5889,GAL3ST2
5890,GAL3ST3
5891,GAL3ST4
5892,GALC
5893,GALE
5894,GALK1
5895,GALK2
5896,GALM
5897,GALNS
5898,GALNT1
5899,GALNT10
5900,GALNT11
5901,GALNT12
5902,GALNT13
5903,GALNT14
5904,GALNT2
5905,GALNT3
5906,GALNT4
5907,GALNT5
5908,GALNT6
5909,GALNT7
5910,GALNT8
5911,GALNT9
5912,GALNTL5
5913,GALNTL6
5914,GALP
5915,GALR1
5916,GALR2
5917,GALR3
5918,GALT
5919,GAMT
5920,GAN
5921,GANAB
5922,GANC
5923,GAP43
5924,GAPDH
5925,GAPDHS
5926,GAPT
5927,GAPVD1
5928,GAR1
5929,GARNL3
5930,GARS
5931,GART
5932,GAS1
5933,GAS2
5934,GAS2L1
5935,GAS2L2
5936,GAS2L3
5937,GAS6
5938,GAS7
5939,GAS8
5940,GAST
5941,GATA1
5942,GATA2
5943,GATA3
5944,GATA4
5945,GATA5
5946,GATA6
5947,GATAD1
5948,GATAD2A
5949,GATAD2B
5950,GATC
5951,GATM
5952,GATS
5953,GATSL2
5954,GATSL3
5955,GBA
5956,GBA2
5957,GBA3
5958,GBAS
5959,GBE1
5960,GBF1
5961,GBGT1
5962,GBP1
5963,GBP2
5964,GBP3
5965,GBP4
5966,GBP5
5967,GBP6
5968,GBP7
5969,GBX1
5970,GBX2
5971,GC
5972,GCA
5973,GCAT
5974,GCC1
5975,GCC2
5976,GCDH
5977,GCFC2
5978,GCG
5979,GCGR
5980,GCH1
5981,GCHFR
5982,GCK
5983,GCKR
5984,GCLC
5985,GCLM
5986,GCM1
5987,GCM2
5988,GCN1L1
5989,GCNT1
5990,GCNT2
5991,GCNT3
5992,GCNT4
5993,GCNT7
5994,GCOM1
5995,GCSH
5996,GDA
5997,GDAP1
5998,GDAP1L1
5999,GDAP2
6000,GDE1
6001,GDF10
6002,GDF11
6003,GDF15
6004,GDF2
6005,GDF3
6006,GDF5
6007,GDF6
6008,GDF7
6009,GDF9
6010,GDI1
6011,GDI2
6012,GDNF
6013,GDPD1
6014,GDPD2
6015,GDPD3
6016,GDPD4
6017,GDPD5
6018,GEM
6019,GEMIN2
6020,GEMIN4
6021,GEMIN5
6022,GEMIN6
6023,GEMIN7
6024,GEMIN8
6025,GEN1
6026,GET4
6027,GFAP
6028,GFER
6029,GFI1
6030,GFI1B
6031,GFM1
6032,GFM2
6033,GFOD1
6034,GFOD2
6035,GFPT1
6036,GFPT2
6037,GFRA1
6038,GFRA2
6039,GFRA3
6040,GFRA4
6041,GFRAL
6042,GGA1
6043,GGA2
6044,GGA3
6045,GGCT
6046,GGCX
6047,GGH
6048,GGN
6049,GGNBP2
6050,GGPS1
6051,GGT1
6052,GGT5
6053,GGT6
6054,GGT7
6055,GGTLC1
6056,GGTLC2
6057,GH1
6058,GH2
6059,GHDC
6060,GHITM
6061,GHR
6062,GHRH
6063,GHRHR
6064,GHRL
6065,GHSR
6066,GIF
6067,GIGYF1
6068,GIGYF2
6069,GIMAP1
6070,GIMAP1-GIMAP5
6071,GIMAP2
6072,GIMAP4
6073,GIMAP5
6074,GIMAP6
6075,GIMAP7
6076,GIMAP8
6077,GIN1
6078,GINS1
6079,GINS2
6080,GINS3
6081,GINS4
6082,GIP
6083,GIPC1
6084,GIPC2
6085,GIPC3
6086,GIPR
6087,GIT1
6088,GIT2
6089,GJA1
6090,GJA10
6091,GJA3
6092,GJA4
6093,GJA5
6094,GJA8
6095,GJB1
6096,GJB2
6097,GJB3
6098,GJB4
6099,GJB5
6100,GJB6
6101,GJB7
6102,GJC1
6103,GJC2
6104,GJC3
6105,GJD2
6106,GJD3
6107,GJD4
6108,GK
6109,GK2
6110,GK5
6111,GKAP1
6112,GKN1
6113,GKN2
6114,GLA
6115,GLB1
6116,GLB1L
6117,GLB1L2
6118,GLB1L3
6119,GLCCI1
6120,GLCE
6121,GLDC
6122,GLDN
6123,GLE1
6124,GLG1
6125,GLI1
6126,GLI2
6127,GLI3
6128,GLI4
6129,GLIPR1
6130,GLIPR1L1
6131,GLIPR1L2
6132,GLIPR2
6133,GLIS1
6134,GLIS2
6135,GLIS3
6136,GLMN
6137,GLO1
6138,GLOD4
6139,GLOD5
6140,GLP1R
6141,GLP2R
6142,GLRA1
6143,GLRA2
6144,GLRA3
6145,GLRA4
6146,GLRB
6147,GLRX
6148,GLRX2
6149,GLRX3
6150,GLRX5
6151,GLS
6152,GLS2
6153,GLT1D1
6154,GLT6D1
6155,GLT8D1
6156,GLT8D2
6157,GLTP
6158,GLTPD1
6159,GLTPD2
6160,GLTSCR1
6161,GLTSCR2
6162,GLUD1
6163,GLUD2
6164,GLUL
6165,GLYAT
6166,GLYATL1
6167,GLYATL2
6168,GLYATL3
6169,GLYCTK
6170,GLYR1
6171,GM2A
6172,GMCL1
6173,GMDS
6174,GMEB1
6175,GMEB2
6176,GMFB
6177,GMFG
6178,GMIP
6179,GML
6180,GMNC
6181,GMNN
6182,GMPPA
6183,GMPPB
6184,GMPR
6185,GMPR2
6186,GMPS
6187,GNA11
6188,GNA12
6189,GNA13
6190,GNA14
6191,GNA15
6192,GNAI1
6193,GNAI2
6194,GNAI3
6195,GNAL
6196,GNAO1
6197,GNAQ
6198,GNAS
6199,GNAT1
6200,GNAT2
6201,GNAT3
6202,GNAZ
6203,GNB1
6204,GNB1L
6205,GNB2
6206,GNB2L1
6207,GNB3
6208,GNB4
6209,GNB5
6210,GNE
6211,GNG10
6212,GNG11
6213,GNG12
6214,GNG13
6215,GNG2
6216,GNG3
6217,GNG4
6218,GNG5
6219,GNG7
6220,GNG8
6221,GNGT1
6222,GNGT2
6223,GNL1
6224,GNL2
6225,GNL3
6226,GNL3L
6227,GNLY
6228,GNMT
6229,GNPAT
6230,GNPDA1
6231,GNPDA2
6232,GNPNAT1
6233,GNPTAB
6234,GNPTG
6235,GNRH1
6236,GNRH2
6237,GNRHR
6238,GNS
6239,GOLGA1
6240,GOLGA2
6241,GOLGA3
6242,GOLGA4
6243,GOLGA5
6244,GOLGA6A
6245,GOLGA6B
6246,GOLGA6C
6247,GOLGA6D
6248,GOLGA6L1
6249,GOLGA6L10
6250,GOLGA6L6
6251,GOLGA6L9
6252,GOLGA7
6253,GOLGA7B
6254,GOLGA8A
6255,GOLGA8B
6256,GOLGB1
6257,GOLIM4
6258,GOLM1
6259,GOLPH3
6260,GOLPH3L
6261,GOLT1A
6262,GOLT1B
6263,GON4L
6264,GOPC
6265,GORAB
6266,GORASP1
6267,GORASP2
6268,GOSR1
6269,GOSR2
6270,GOT1
6271,GOT1L1
6272,GOT2
6273,GP1BA
6274,GP2
6275,GP5
6276,GP6
6277,GP9
6278,GPA33
6279,GPAA1
6280,GPAM
6281,GPANK1
6282,GPAT2
6283,GPATCH1
6284,GPATCH2
6285,GPATCH3
6286,GPATCH4
6287,GPATCH8
6288,GPBAR1
6289,GPBP1
6290,GPBP1L1
6291,GPC1
6292,GPC2
6293,GPC3
6294,GPC4
6295,GPC5
6296,GPC6
6297,GPCPD1
6298,GPD1
6299,GPD1L
6300,GPD2
6301,GPHA2
6302,GPHB5
6303,GPHN
6304,GPI
6305,GPIHBP1
6306,GPKOW
6307,GPLD1
6308,GPM6A
6309,GPM6B
6310,GPN1
6311,GPN2
6312,GPN3
6313,GPNMB
6314,GPR1
6315,GPR101
6316,GPR107
6317,GPR108
6318,GPR110
6319,GPR111
6320,GPR112
6321,GPR113
6322,GPR114
6323,GPR115
6324,GPR116
6325,GPR119
6326,GPR12
6327,GPR123
6328,GPR124
6329,GPR125
6330,GPR126
6331,GPR128
6332,GPR132
6333,GPR133
6334,GPR135
6335,GPR137
6336,GPR137B
6337,GPR137C
6338,GPR139
6339,GPR141
6340,GPR142
6341,GPR143
6342,GPR144
6343,GPR146
6344,GPR148
6345,GPR149
6346,GPR15
6347,GPR150
6348,GPR151
6349,GPR152
6350,GPR153
6351,GPR155
6352,GPR156
6353,GPR157
6354,GPR158
6355,GPR160
6356,GPR161
6357,GPR162
6358,GPR17
6359,GPR171
6360,GPR173
6361,GPR174
6362,GPR176
6363,GPR179
6364,GPR18
6365,GPR180
6366,GPR182
6367,GPR183
6368,GPR19
6369,GPR20
6370,GPR21
6371,GPR22
6372,GPR25
6373,GPR26
6374,GPR27
6375,GPR3
6376,GPR31
6377,GPR32
6378,GPR34
6379,GPR35
6380,GPR37
6381,GPR37L1
6382,GPR39
6383,GPR4
6384,GPR45
6385,GPR50
6386,GPR52
6387,GPR55
6388,GPR56
6389,GPR6
6390,GPR61
6391,GPR62
6392,GPR63
6393,GPR64
6394,GPR65
6395,GPR68
6396,GPR75
6397,GPR75-ASB3
6398,GPR78
6399,GPR82
6400,GPR83
6401,GPR84
6402,GPR85
6403,GPR87
6404,GPR88
6405,GPR89A
6406,GPR89B
6407,GPR89C
6408,GPR97
6409,GPR98
6410,GPRASP1
6411,GPRASP2
6412,GPRC5A
6413,GPRC5B
6414,GPRC5C
6415,GPRC5D
6416,GPRC6A
6417,GPRIN1
6418,GPRIN2
6419,GPRIN3
6420,GPS1
6421,GPS2
6422,GPSM1
6423,GPSM2
6424,GPSM3
6425,GPT
6426,GPT2
6427,GPX1
6428,GPX2
6429,GPX3
6430,GPX4
6431,GPX5
6432,GPX6
6433,GPX7
6434,GPX8
6435,GRAMD1A
6436,GRAMD1B
6437,GRAMD1C
6438,GRAMD2
6439,GRAMD3
6440,GRAMD4
6441,GRAP
6442,GRAP2
6443,GRAPL
6444,GRASP
6445,GRB10
6446,GRB14
6447,GRB2
6448,GRB7
6449,GREB1
6450,GREB1L
6451,GREM1
6452,GREM2
6453,GRHL1
6454,GRHL2
6455,GRHL3
6456,GRHPR
6457,GRIA1
6458,GRIA2
6459,GRIA3
6460,GRIA4
6461,GRID1
6462,GRID2
6463,GRID2IP
6464,GRIK1
6465,GRIK2
6466,GRIK3
6467,GRIK4
6468,GRIK5
6469,GRIN1
6470,GRIN2A
6471,GRIN2B
6472,GRIN2C
6473,GRIN2D
6474,GRIN3A
6475,GRIN3B
6476,GRINA
6477,GRIP1
6478,GRIP2
6479,GRIPAP1
6480,GRK1
6481,GRK4
6482,GRK5
6483,GRK6
6484,GRK7
6485,GRM1
6486,GRM2
6487,GRM3
6488,GRM4
6489,GRM5
6490,GRM6
6491,GRM7
6492,GRM8
6493,GRN
6494,GRP
6495,GRPEL1
6496,GRPEL2
6497,GRPR
6498,GRSF1
6499,GRTP1
6500,GRWD1
6501,GRXCR1
6502,GRXCR2
6503,GSC
6504,GSC2
6505,GSDMA
6506,GSDMB
6507,GSDMC
6508,GSDMD
6509,GSG1
6510,GSG1L
6511,GSG2
6512,GSK3A
6513,GSK3B
6514,GSN
6515,GSPT1
6516,GSPT2
6517,GSR
6518,GSS
6519,GSTA1
6520,GSTA2
6521,GSTA3
6522,GSTA4
6523,GSTA5
6524,GSTCD
6525,GSTK1
6526,GSTM1
6527,GSTM2
6528,GSTM3
6529,GSTM4
6530,GSTM5
6531,GSTO1
6532,GSTO2
6533,GSTP1
6534,GSTT1
6535,GSTT2
6536,GSTT2B
6537,GSTZ1
6538,GSX1
6539,GSX2
6540,GTDC1
6541,GTF2A1
6542,GTF2A1L
6543,GTF2A2
6544,GTF2B
6545,GTF2E1
6546,GTF2E2
6547,GTF2F1
6548,GTF2F2
6549,GTF2H1
6550,GTF2H2
6551,GTF2H2C
6552,GTF2H3
6553,GTF2H4
6554,GTF2H5
6555,GTF2I
6556,GTF2IRD1
6557,GTF2IRD2
6558,GTF2IRD2B
6559,GTF3A
6560,GTF3C1
6561,GTF3C2
6562,GTF3C3
6563,GTF3C4
6564,GTF3C5
6565,GTF3C6
6566,GTPBP1
6567,GTPBP10
6568,GTPBP2
6569,GTPBP3
6570,GTPBP4
6571,GTPBP6
6572,GTPBP8
6573,GTSE1
6574,GTSF1
6575,GTSF1L
6576,GUCA1A
6577,GUCA1B
6578,GUCA1C
6579,GUCA2A
6580,GUCA2B
6581,GUCY1A2
6582,GUCY1A3
6583,GUCY1B3
6584,GUCY2C
6585,GUCY2D
6586,GUCY2F
6587,GUF1
6588,GUK1
6589,GULP1
6590,GUSB
6591,GXYLT1
6592,GXYLT2
6593,GYG1
6594,GYG2
6595,GYLTL1B
6596,GYPA
6597,GYPB
6598,GYPC
6599,GYPE
6600,GYS1
6601,GYS2
6602,GZF1
6603,GZMA
6604,GZMB
6605,GZMH
6606,GZMK
6607,GZMM
6608,H1F0
6609,H1FNT
6610,H1FOO
6611,H1FX
6612,H2AFB3
6613,H2AFJ
6614,H2AFV
6615,H2AFX
6616,H2AFY
6617,H2AFY2
6618,H2AFZ
6619,H2BFM
6620,H2BFWT
6621,H3F3B
6622,H3F3C
6623,H6PD
6624,HAAO
6625,HABP2
6626,HABP4
6627,HACE1
6628,HACL1
6629,HADH
6630,HADHA
6631,HADHB
6632,HAGH
6633,HAGHL
6634,HAL
6635,HAMP
6636,HAND1
6637,HAND2
6638,HAO1
6639,HAO2
6640,HAP1
6641,HAPLN1
6642,HAPLN2
6643,HAPLN3
6644,HAPLN4
6645,HARBI1
6646,HARS
6647,HARS2
6648,HAS1
6649,HAS2
6650,HAS3
6651,HAT1
6652,HAUS1
6653,HAUS2
6654,HAUS3
6655,HAUS4
6656,HAUS5
6657,HAUS6
6658,HAUS7
6659,HAUS8
6660,HAVCR1
6661,HAVCR2
6662,HAX1
6663,HBA1
6664,HBA2
6665,HBB
6666,HBD
6667,HBE1
6668,HBEGF
6669,HBG1
6670,HBG2
6671,HBM
6672,HBP1
6673,HBQ1
6674,HBS1L
6675,HBZ
6676,HCAR1
6677,HCAR2
6678,HCAR3
6679,HCCS
6680,HCFC1
6681,HCFC1R1
6682,HCFC2
6683,HCK
6684,HCLS1
6685,HCN1
6686,HCN2
6687,HCN3
6688,HCN4
6689,HCRT
6690,HCRTR1
6691,HCRTR2
6692,HCST
6693,HDAC1
6694,HDAC10
6695,HDAC11
6696,HDAC2
6697,HDAC3
6698,HDAC4
6699,HDAC5
6700,HDAC6
6701,HDAC7
6702,HDAC8
6703,HDAC9
6704,HDC
6705,HDDC2
6706,HDDC3
6707,HDGF
6708,HDGFL1
6709,HDGFRP2
6710,HDGFRP3
6711,HDHD1
6712,HDHD2
6713,HDHD3
6714,HDLBP
6715,HDX
6716,HEATR1
6717,HEATR2
6718,HEATR3
6719,HEATR4
6720,HEATR5A
6721,HEATR5B
6722,HEATR6
6723,HEBP1
6724,HEBP2
6725,HECA
6726,HECTD1
6727,HECTD2
6728,HECTD3
6729,HECW1
6730,HECW2
6731,HEG1
6732,HELB
6733,HELLS
6734,HELQ
6735,HELT
6736,HELZ
6737,HEMGN
6738,HEMK1
6739,HENMT1
6740,HEPACAM
6741,HEPACAM2
6742,HEPH
6743,HEPHL1
6744,HEPN1
6745,HERC1
6746,HERC2
6747,HERC3
6748,HERC4
6749,HERC5
6750,HERC6
6751,HERPUD1
6752,HERPUD2
6753,HES1
6754,HES2
6755,HES3
6756,HES4
6757,HES5
6758,HES6
6759,HES7
6760,HESX1
6761,HEXA
6762,HEXB
6763,HEXDC
6764,HEXIM1
6765,HEXIM2
6766,HEY1
6767,HEY2
6768,HEYL
6769,HFE
6770,HFE2
6771,HFM1
6772,HGC6.3
6773,HGD
6774,HGF
6775,HGFAC
6776,HGS
6777,HGSNAT
6778,HHAT
6779,HHATL
6780,HHEX
6781,HHIP
6782,HHIPL1
6783,HHIPL2
6784,HHLA1
6785,HHLA2
6786,HHLA3
6787,HIAT1
6788,HIATL1
6789,HIBADH
6790,HIBCH
6791,HIC1
6792,HIC2
6793,HIF1A
6794,HIF1AN
6795,HIF3A
6796,HIGD1A
6797,HIGD1B
6798,HIGD1C
6799,HIGD2A
6800,HILPDA
6801,HINFP
6802,HINT1
6803,HINT2
6804,HINT3
6805,HIP1
6806,HIP1R
6807,HIPK1
6808,HIPK2
6809,HIPK3
6810,HIPK4
6811,HIRA
6812,HIRIP3
6813,HIST1H1A
6814,HIST1H1B
6815,HIST1H1C
6816,HIST1H1D
6817,HIST1H1E
6818,HIST1H1T
6819,HIST1H2AA
6820,HIST1H2AB
6821,HIST1H2AC
6822,HIST1H2AD
6823,HIST1H2AE
6824,HIST1H2AG
6825,HIST1H2AH
6826,HIST1H2AJ
6827,HIST1H2AK
6828,HIST1H2AL
6829,HIST1H2AM
6830,HIST1H2BA
6831,HIST1H2BB
6832,HIST1H2BC
6833,HIST1H2BD
6834,HIST1H2BE
6835,HIST1H2BF
6836,HIST1H2BG
6837,HIST1H2BH
6838,HIST1H2BI
6839,HIST1H2BJ
6840,HIST1H2BK
6841,HIST1H2BL
6842,HIST1H2BM
6843,HIST1H2BN
6844,HIST1H2BO
6845,HIST1H3A
6846,HIST1H3B
6847,HIST1H3C
6848,HIST1H3D
6849,HIST1H3E
6850,HIST1H3F
6851,HIST1H3G
6852,HIST1H3H
6853,HIST1H3I
6854,HIST1H3J
6855,HIST1H4A
6856,HIST1H4B
6857,HIST1H4C
6858,HIST1H4D
6859,HIST1H4E
6860,HIST1H4F
6861,HIST1H4G
6862,HIST1H4H
6863,HIST1H4I
6864,HIST1H4J
6865,HIST1H4K
6866,HIST1H4L
6867,HIST2H2AA3
6868,HIST2H2AB
6869,HIST2H2AC
6870,HIST2H2BE
6871,HIST2H2BF
6872,HIST2H3C
6873,HIST2H3D
6874,HIST2H4A
6875,HIST3H2A
6876,HIST3H2BB
6877,HIST3H3
6878,HIST4H4
6879,HIVEP1
6880,HIVEP2
6881,HIVEP3
6882,HJURP
6883,HK1
6884,HK2
6885,HK3
6886,HKDC1
6887,HKR1
6888,HLA-A
6889,HLA-B
6890,HLA-C
6891,HLA-DMA
6892,HLA-DMB
6893,HLA-DOA
6894,HLA-DOB
6895,HLA-DPA1
6896,HLA-DPB1
6897,HLA-DQA1
6898,HLA-DQA2
6899,HLA-DQB1
6900,HLA-DQB2
6901,HLA-DRA
6902,HLA-DRB1
6903,HLA-DRB3
6904,HLA-DRB4
6905,HLA-DRB5
6906,HLA-E
6907,HLA-F
6908,HLA-G
6909,HLCS
6910,HLF
6911,HLTF
6912,HLX
6913,HM13
6914,HMBOX1
6915,HMBS
6916,HMCN1
6917,HMG20A
6918,HMG20B
6919,HMGA1
6920,HMGA2
6921,HMGB1
6922,HMGB2
6923,HMGB3
6924,HMGB4
6925,HMGCL
6926,HMGCLL1
6927,HMGCR
6928,HMGCS1
6929,HMGCS2
6930,HMGN1
6931,HMGN2
6932,HMGN3
6933,HMGN4
6934,HMGN5
6935,HMGXB3
6936,HMGXB4
6937,HMHA1
6938,HMHB1
6939,HMMR
6940,HMOX1
6941,HMOX2
6942,HMP19
6943,HMSD
6944,HMX1
6945,HMX2
6946,HMX3
6947,HN1
6948,HN1L
6949,HNF1A
6950,HNF1B
6951,HNF4A
6952,HNF4G
6953,HNMT
6954,HNRNPA0
6955,HNRNPA1
6956,HNRNPA1L2
6957,HNRNPA2B1
6958,HNRNPA3
6959,HNRNPAB
6960,HNRNPC
6961,HNRNPCL1
6962,HNRNPD
6963,HNRNPF
6964,HNRNPH1
6965,HNRNPH2
6966,HNRNPH3
6967,HNRNPK
6968,HNRNPL
6969,HNRNPM
6970,HNRNPR
6971,HNRNPU
6972,HNRNPUL1
6973,HNRNPUL2
6974,HOGA1
6975,HOMER1
6976,HOMER2
6977,HOMER3
6978,HOMEZ
6979,HOOK1
6980,HOOK2
6981,HOOK3
6982,HOPX
6983,HORMAD1
6984,HORMAD2
6985,HOXA1
6986,HOXA10
6987,HOXA11
6988,HOXA13
6989,HOXA2
6990,HOXA3
6991,HOXA4
6992,HOXA5
6993,HOXA6
6994,HOXA7
6995,HOXA9
6996,HOXB1
6997,HOXB13
6998,HOXB2
6999,HOXB3
7000,HOXB4
7001,HOXB5
7002,HOXB6
7003,HOXB7
7004,HOXB8
7005,HOXB9
7006,HOXC10
7007,HOXC11
7008,HOXC12
7009,HOXC13
7010,HOXC4
7011,HOXC5
7012,HOXC6
7013,HOXC8
7014,HOXC9
7015,HOXD1
7016,HOXD10
7017,HOXD11
7018,HOXD12
7019,HOXD13
7020,HOXD3
7021,HOXD4
7022,HOXD8
7023,HOXD9
7024,HP
7025,HP1BP3
7026,HPCA
7027,HPCAL1
7028,HPCAL4
7029,HPD
7030,HPDL
7031,HPGD
7032,HPGDS
7033,HPN
7034,HPR
7035,HPRT1
7036,HPS1
7037,HPS3
7038,HPS4
7039,HPS5
7040,HPS6
7041,HPSE
7042,HPSE2
7043,HPX
7044,HR
7045,HRAS
7046,HRASLS
7047,HRASLS2
7048,HRASLS5
7049,HRC
7050,HRCT1
7051,HRG
7052,HRH1
7053,HRH2
7054,HRH3
7055,HRH4
7056,HRK
7057,HRNR
7058,HRSP12
7059,HS1BP3
7060,HS2ST1
7061,HS3ST1
7062,HS3ST2
7063,HS3ST3A1
7064,HS3ST3B1
7065,HS3ST4
7066,HS3ST5
7067,HS3ST6
7068,HS6ST1
7069,HS6ST2
7070,HS6ST3
7071,HSBP1
7072,HSBP1L1
7073,HSCB
7074,HSD11B1
7075,HSD11B1L
7076,HSD11B2
7077,HSD17B1
7078,HSD17B10
7079,HSD17B11
7080,HSD17B12
7081,HSD17B13
7082,HSD17B14
7083,HSD17B2
7084,HSD17B3
7085,HSD17B4
7086,HSD17B6
7087,HSD17B7
7088,HSD17B8
7089,HSD3B1
7090,HSD3B2
7091,HSD3B7
7092,HSDL1
7093,HSDL2
7094,HSF1
7095,HSF2
7096,HSF2BP
7097,HSF4
7098,HSF5
7099,HSFX1
7100,HSFX2
7101,HSFY1
7102,HSFY2
7103,HSH2D
7104,HSP90AA1
7105,HSP90AB1
7106,HSP90B1
7107,HSPA12A
7108,HSPA12B
7109,HSPA13
7110,HSPA14
7111,HSPA1A
7112,HSPA1B
7113,HSPA1L
7114,HSPA2
7115,HSPA4
7116,HSPA4L
7117,HSPA5
7118,HSPA6
7119,HSPA8
7120,HSPA9
7121,HSPB1
7122,HSPB11
7123,HSPB2
7124,HSPB3
7125,HSPB6
7126,HSPB7
7127,HSPB8
7128,HSPB9
7129,HSPBAP1
7130,HSPBP1
7131,HSPD1
7132,HSPE1
7133,HSPE1-MOB4
7134,HSPG2
7135,HSPH1
7136,HTATIP2
7137,HTATSF1
7138,HTN1
7139,HTN3
7140,HTR1A
7141,HTR1B
7142,HTR1D
7143,HTR1E
7144,HTR1F
7145,HTR2A
7146,HTR2B
7147,HTR2C
7148,HTR3A
7149,HTR3B
7150,HTR3C
7151,HTR3D
7152,HTR3E
7153,HTR4
7154,HTR5A
7155,HTR6
7156,HTR7
7157,HTRA1
7158,HTRA2
7159,HTRA3
7160,HTRA4
7161,HTT
7162,HUNK
7163,HUS1
7164,HUS1B
7165,HUWE1
7166,HVCN1
7167,HYAL1
7168,HYAL2
7169,HYAL3
7170,HYAL4
7171,HYDIN
7172,HYI
7173,HYLS1
7174,HYOU1
7175,IAH1
7176,IAPP
7177,IARS
7178,IARS2
7179,IBA57
7180,IBSP
7181,IBTK
7182,ICA1
7183,ICA1L
7184,ICAM1
7185,ICAM2
7186,ICAM3
7187,ICAM4
7188,ICAM5
7189,ICK
7190,ICMT
7191,ICOS
7192,ICOSLG
7193,ICT1
7194,ID1
7195,ID2
7196,ID3
7197,ID4
7198,IDE
7199,IDH1
7200,IDH2
7201,IDH3A
7202,IDH3B
7203,IDH3G
7204,IDI1
7205,IDI2
7206,IDO1
7207,IDO2
7208,IDS
7209,IDUA
7210,IER2
7211,IER3
7212,IER3IP1
7213,IER5
7214,IER5L
7215,IFFO1
7216,IFFO2
7217,IFI16
7218,IFI27
7219,IFI27L1
7220,IFI27L2
7221,IFI30
7222,IFI35
7223,IFI44
7224,IFI44L
7225,IFI6
7226,IFIH1
7227,IFIT1
7228,IFIT1B
7229,IFIT2
7230,IFIT3
7231,IFIT5
7232,IFITM1
7233,IFITM10
7234,IFITM2
7235,IFITM3
7236,IFITM5
7237,IFLTD1
7238,IFNA1
7239,IFNA10
7240,IFNA13
7241,IFNA14
7242,IFNA16
7243,IFNA17
7244,IFNA2
7245,IFNA21
7246,IFNA4
7247,IFNA5
7248,IFNA6
7249,IFNA7
7250,IFNA8
7251,IFNAR1
7252,IFNAR2
7253,IFNB1
7254,IFNE
7255,IFNG
7256,IFNGR1
7257,IFNGR2
7258,IFNK
7259,IFNW1
7260,IFRD1
7261,IFRD2
7262,IFT122
7263,IFT140
7264,IFT172
7265,IFT20
7266,IFT27
7267,IFT43
7268,IFT46
7269,IFT52
7270,IFT57
7271,IFT74
7272,IFT80
7273,IFT81
7274,IFT88
7275,IGBP1
7276,IGDCC3
7277,IGDCC4
7278,IGF1
7279,IGF1R
7280,IGF2
7281,IGF2BP1
7282,IGF2BP2
7283,IGF2BP3
7284,IGF2R
7285,IGFALS
7286,IGFBP1
7287,IGFBP2
7288,IGFBP3
7289,IGFBP4
7290,IGFBP5
7291,IGFBP6
7292,IGFBP7
7293,IGFBPL1
7294,IGFL1
7295,IGFL2
7296,IGFL3
7297,IGFL4
7298,IGFLR1
7299,IGFN1
7300,IGHMBP2
7301,IGIP
7302,IGJ
7303,IGLL1
7304,IGLL5
7305,IGLON5
7306,IGSF1
7307,IGSF10
7308,IGSF11
7309,IGSF21
7310,IGSF22
7311,IGSF23
7312,IGSF3
7313,IGSF5
7314,IGSF6
7315,IGSF8
7316,IGSF9
7317,IGSF9B
7318,IHH
7319,IK
7320,IKBIP
7321,IKBKAP
7322,IKBKB
7323,IKBKE
7324,IKBKG
7325,IKZF1
7326,IKZF2
7327,IKZF3
7328,IKZF4
7329,IKZF5
7330,IL10
7331,IL10RA
7332,IL10RB
7333,IL11
7334,IL11RA
7335,IL12A
7336,IL12B
7337,IL12RB1
7338,IL12RB2
7339,IL13
7340,IL13RA1
7341,IL13RA2
7342,IL15
7343,IL15RA
7344,IL16
7345,IL17A
7346,IL17B
7347,IL17C
7348,IL17D
7349,IL17F
7350,IL17RA
7351,IL17RB
7352,IL17RC
7353,IL17RD
7354,IL17RE
7355,IL17REL
7356,IL18
7357,IL18BP
7358,IL18R1
7359,IL18RAP
7360,IL19
7361,IL1A
7362,IL1B
7363,IL1F10
7364,IL1R1
7365,IL1R2
7366,IL1RAP
7367,IL1RAPL1
7368,IL1RAPL2
7369,IL1RL1
7370,IL1RL2
7371,IL1RN
7372,IL2
7373,IL20
7374,IL20RA
7375,IL20RB
7376,IL21
7377,IL21R
7378,IL22
7379,IL22RA1
7380,IL22RA2
7381,IL23A
7382,IL23R
7383,IL24
7384,IL25
7385,IL26
7386,IL27
7387,IL27RA
7388,IL2RA
7389,IL2RB
7390,IL2RG
7391,IL3
7392,IL31
7393,IL31RA
7394,IL32
7395,IL33
7396,IL34
7397,IL36A
7398,IL36B
7399,IL36G
7400,IL36RN
7401,IL37
7402,IL3RA
7403,IL4
7404,IL4I1
7405,IL4R
7406,IL5
7407,IL5RA
7408,IL6
7409,IL6R
7410,IL6ST
7411,IL7
7412,IL7R
7413,IL8
7414,IL9
7415,IL9R
7416,ILDR1
7417,ILDR2
7418,ILF2
7419,ILF3
7420,ILK
7421,ILKAP
7422,ILVBL
7423,IMMP1L
7424,IMMP2L
7425,IMMT
7426,IMP3
7427,IMP4
7428,IMPA1
7429,IMPA2
7430,IMPACT
7431,IMPAD1
7432,IMPDH1
7433,IMPDH2
7434,IMPG1
7435,IMPG2
7436,INA
7437,INADL
7438,INCA1
7439,INCENP
7440,INF2
7441,ING1
7442,ING2
7443,ING3
7444,ING4
7445,ING5
7446,INHA
7447,INHBA
7448,INHBB
7449,INHBC
7450,INHBE
7451,INMT
7452,INO80
7453,INO80B
7454,INO80C
7455,INO80D
7456,INO80E
7457,INPP1
7458,INPP4A
7459,INPP4B
7460,INPP5A
7461,INPP5B
7462,INPP5D
7463,INPP5E
7464,INPP5F
7465,INPP5J
7466,INPP5K
7467,INPPL1
7468,INS
7469,INSC
7470,INSIG1
7471,INSIG2
7472,INS-IGF2
7473,INSL3
7474,INSL4
7475,INSL5
7476,INSL6
7477,INSM1
7478,INSM2
7479,INSR
7480,INSRR
7481,INTS1
7482,INTS10
7483,INTS12
7484,INTS2
7485,INTS3
7486,INTS4
7487,INTS5
7488,INTS6
7489,INTS7
7490,INTS8
7491,INTS9
7492,INTU
7493,INVS
7494,IP6K1
7495,IP6K2
7496,IP6K3
7497,IPCEF1
7498,IPMK
7499,IPO11
7500,IPO13
7501,IPO4
7502,IPO5
7503,IPO7
7504,IPO8
7505,IPO9
7506,IPP
7507,IPPK
7508,IQCA1
7509,IQCB1
7510,IQCC
7511,IQCD
7512,IQCE
7513,IQCF1
7514,IQCF2
7515,IQCF3
7516,IQCF5
7517,IQCF6
7518,IQCG
7519,IQCH
7520,IQCJ
7521,IQCJ-SCHIP1
7522,IQCK
7523,IQGAP1
7524,IQGAP2
7525,IQGAP3
7526,IQSEC1
7527,IQSEC2
7528,IQSEC3
7529,IQUB
7530,IRAK1
7531,IRAK1BP1
7532,IRAK2
7533,IRAK3
7534,IRAK4
7535,IREB2
7536,IRF1
7537,IRF2
7538,IRF2BP1
7539,IRF2BP2
7540,IRF2BPL
7541,IRF3
7542,IRF4
7543,IRF5
7544,IRF6
7545,IRF7
7546,IRF8
7547,IRF9
7548,IRGC
7549,IRGM
7550,IRGQ
7551,IRS1
7552,IRS2
7553,IRS4
7554,IRX1
7555,IRX2
7556,IRX3
7557,IRX4
7558,IRX5
7559,IRX6
7560,ISCA1
7561,ISCA2
7562,ISCU
7563,ISG15
7564,ISG20
7565,ISG20L2
7566,ISL1
7567,ISL2
7568,ISLR
7569,ISLR2
7570,ISM1
7571,ISM2
7572,ISOC1
7573,ISOC2
7574,ISPD
7575,IST1
7576,ISX
7577,ISY1
7578,ISY1-RAB43
7579,ISYNA1
7580,ITCH
7581,ITFG1
7582,ITFG2
7583,ITFG3
7584,ITGA1
7585,ITGA10
7586,ITGA11
7587,ITGA2
7588,ITGA2B
7589,ITGA3
7590,ITGA4
7591,ITGA5
7592,ITGA6
7593,ITGA7
7594,ITGA8
7595,ITGA9
7596,ITGAD
7597,ITGAE
7598,ITGAL
7599,ITGAM
7600,ITGAV
7601,ITGAX
7602,ITGB1
7603,ITGB1BP1
7604,ITGB1BP2
7605,ITGB2
7606,ITGB3
7607,ITGB3BP
7608,ITGB4
7609,ITGB5
7610,ITGB6
7611,ITGB7
7612,ITGB8
7613,ITGBL1
7614,ITIH1
7615,ITIH2
7616,ITIH3
7617,ITIH4
7618,ITIH5
7619,ITIH6
7620,ITK
7621,ITLN1
7622,ITLN2
7623,ITM2A
7624,ITM2B
7625,ITM2C
7626,ITPA
7627,ITPK1
7628,ITPKA
7629,ITPKB
7630,ITPKC
7631,ITPR1
7632,ITPR2
7633,ITPR3
7634,ITPRIP
7635,ITPRIPL1
7636,ITPRIPL2
7637,ITSN1
7638,ITSN2
7639,IVD
7640,IVL
7641,IVNS1ABP
7642,IWS1
7643,IYD
7644,IZUMO1
7645,IZUMO2
7646,IZUMO4
7647,JAG1
7648,JAG2
7649,JAGN1
7650,JAK1
7651,JAK2
7652,JAK3
7653,JAKMIP1
7654,JAKMIP2
7655,JAKMIP3
7656,JAM2
7657,JAM3
7658,JARID2
7659,JAZF1
7660,JDP2
7661,JKAMP
7662,JMJD1C
7663,JMJD4
7664,JMJD6
7665,JMJD7
7666,JMJD7-PLA2G4B
7667,JMJD8
7668,JMY
7669,JOSD1
7670,JOSD2
7671,JPH1
7672,JPH2
7673,JPH3
7674,JPH4
7675,JRK
7676,JRKL
7677,JSRP1
7678,JTB
7679,JUN
7680,JUNB
7681,JUND
7682,JUP
7683,KAAG1
7684,KAL1
7685,KALRN
7686,KANK1
7687,KANK2
7688,KANK3
7689,KANK4
7690,KANSL2
7691,KANSL3
7692,KARS
7693,KAT2A
7694,KAT2B
7695,KAT5
7696,KAT6A
7697,KAT6B
7698,KAT7
7699,KAT8
7700,KATNA1
7701,KATNAL1
7702,KATNAL2
7703,KATNB1
7704,KAZALD1
7705,KAZN
7706,KBTBD11
7707,KBTBD12
7708,KBTBD13
7709,KBTBD2
7710,KBTBD3
7711,KBTBD4
7712,KBTBD6
7713,KBTBD7
7714,KBTBD8
7715,KCMF1
7716,KCNA1
7717,KCNA10
7718,KCNA2
7719,KCNA3
7720,KCNA4
7721,KCNA5
7722,KCNA6
7723,KCNA7
7724,KCNAB1
7725,KCNAB2
7726,KCNAB3
7727,KCNB1
7728,KCNB2
7729,KCNC1
7730,KCNC2
7731,KCNC3
7732,KCNC4
7733,KCND1
7734,KCND2
7735,KCND3
7736,KCNE1
7737,KCNE1L
7738,KCNE2
7739,KCNE3
7740,KCNE4
7741,KCNF1
7742,KCNG1
7743,KCNG2
7744,KCNG3
7745,KCNG4
7746,KCNH1
7747,KCNH2
7748,KCNH3
7749,KCNH4
7750,KCNH5
7751,KCNH6
7752,KCNH7
7753,KCNH8
7754,KCNIP1
7755,KCNIP2
7756,KCNIP3
7757,KCNIP4
7758,KCNJ1
7759,KCNJ10
7760,KCNJ11
7761,KCNJ12
7762,KCNJ13
7763,KCNJ14
7764,KCNJ15
7765,KCNJ16
7766,KCNJ18
7767,KCNJ2
7768,KCNJ3
7769,KCNJ4
7770,KCNJ5
7771,KCNJ6
7772,KCNJ8
7773,KCNJ9
7774,KCNK1
7775,KCNK10
7776,KCNK12
7777,KCNK13
7778,KCNK15
7779,KCNK16
7780,KCNK17
7781,KCNK18
7782,KCNK2
7783,KCNK3
7784,KCNK4
7785,KCNK5
7786,KCNK6
7787,KCNK7
7788,KCNK9
7789,KCNMA1
7790,KCNMB1
7791,KCNMB2
7792,KCNMB3
7793,KCNMB4
7794,KCNN1
7795,KCNN2
7796,KCNN3
7797,KCNN4
7798,KCNQ1
7799,KCNQ2
7800,KCNQ3
7801,KCNQ4
7802,KCNQ5
7803,KCNRG
7804,KCNS1
7805,KCNS2
7806,KCNS3
7807,KCNT1
7808,KCNT2
7809,KCNU1
7810,KCNV1
7811,KCNV2
7812,KCP
7813,KCTD1
7814,KCTD10
7815,KCTD11
7816,KCTD12
7817,KCTD13
7818,KCTD14
7819,KCTD15
7820,KCTD16
7821,KCTD17
7822,KCTD18
7823,KCTD19
7824,KCTD2
7825,KCTD20
7826,KCTD21
7827,KCTD3
7828,KCTD4
7829,KCTD5
7830,KCTD6
7831,KCTD7
7832,KCTD8
7833,KCTD9
7834,KDELC1
7835,KDELC2
7836,KDELR1
7837,KDELR2
7838,KDELR3
7839,KDM1A
7840,KDM1B
7841,KDM2A
7842,KDM2B
7843,KDM3A
7844,KDM3B
7845,KDM4A
7846,KDM4B
7847,KDM4C
7848,KDM4D
7849,KDM5A
7850,KDM5B
7851,KDM5C
7852,KDM5D
7853,KDM6A
7854,KDM6B
7855,KDR
7856,KDSR
7857,KEAP1
7858,KEL
7859,KERA
7860,KHDC1
7861,KHDC1L
7862,KHDRBS1
7863,KHDRBS2
7864,KHDRBS3
7865,KHK
7866,KHNYN
7867,KHSRP
7868,KIAA0020
7869,KIAA0040
7870,KIAA0100
7871,KIAA0101
7872,KIAA0141
7873,KIAA0195
7874,KIAA0196
7875,KIAA0226
7876,KIAA0226L
7877,KIAA0232
7878,KIAA0247
7879,KIAA0319
7880,KIAA0319L
7881,KIAA0355
7882,KIAA0368
7883,KIAA0391
7884,KIAA0408
7885,KIAA0430
7886,KIAA0513
7887,KIAA0556
7888,KIAA0586
7889,KIAA0753
7890,KIAA0754
7891,KIAA0825
7892,KIAA0895
7893,KIAA0895L
7894,KIAA0907
7895,KIAA0913
7896,KIAA0922
7897,KIAA0930
7898,KIAA0947
7899,KIAA1024
7900,KIAA1033
7901,KIAA1045
7902,KIAA1107
7903,KIAA1109
7904,KIAA1143
7905,KIAA1147
7906,KIAA1161
7907,KIAA1191
7908,KIAA1210
7909,KIAA1211
7910,KIAA1217
7911,KIAA1244
7912,KIAA1257
7913,KIAA1279
7914,KIAA1324
7915,KIAA1324L
7916,KIAA1328
7917,KIAA1377
7918,KIAA1407
7919,KIAA1429
7920,KIAA1430
7921,KIAA1432
7922,KIAA1456
7923,KIAA1462
7924,KIAA1467
7925,KIAA1468
7926,KIAA1522
7927,KIAA1524
7928,KIAA1549
7929,KIAA1586
7930,KIAA1598
7931,KIAA1614
7932,KIAA1644
7933,KIAA1671
7934,KIAA1683
7935,KIAA1715
7936,KIAA1731
7937,KIAA1751
7938,KIAA1755
7939,KIAA1804
7940,KIAA1841
7941,KIAA1919
7942,KIAA1958
7943,KIAA2013
7944,KIAA2018
7945,KIAA2022
7946,KIAA2026
7947,KIDINS220
7948,KIF11
7949,KIF12
7950,KIF13A
7951,KIF13B
7952,KIF14
7953,KIF15
7954,KIF16B
7955,KIF17
7956,KIF18A
7957,KIF18B
7958,KIF19
7959,KIF1A
7960,KIF1B
7961,KIF1C
7962,KIF20A
7963,KIF20B
7964,KIF21A
7965,KIF21B
7966,KIF22
7967,KIF23
7968,KIF24
7969,KIF25
7970,KIF26A
7971,KIF26B
7972,KIF27
7973,KIF2A
7974,KIF2B
7975,KIF2C
7976,KIF3A
7977,KIF3B
7978,KIF3C
7979,KIF4A
7980,KIF4B
7981,KIF5A
7982,KIF5B
7983,KIF5C
7984,KIF6
7985,KIF7
7986,KIF9
7987,KIFAP3
7988,KIFC1
7989,KIFC2
7990,KIFC3
7991,KIN
7992,KIR2DL1
7993,KIR2DL2
7994,KIR2DL3
7995,KIR2DL4
7996,KIR2DL5B
7997,KIR2DS1
7998,KIR2DS2
7999,KIR2DS3
8000,KIR2DS4
8001,KIR2DS5
8002,KIR3DL1
8003,KIR3DL2
8004,KIR3DL3
8005,KIR3DS1
8006,KIRREL
8007,KIRREL2
8008,KIRREL3
8009,KISS1
8010,KISS1R
8011,KIT
8012,KITLG
8013,KL
8014,KLB
8015,KLC1
8016,KLC2
8017,KLC3
8018,KLC4
8019,KLF1
8020,KLF10
8021,KLF11
8022,KLF12
8023,KLF13
8024,KLF14
8025,KLF15
8026,KLF16
8027,KLF17
8028,KLF2
8029,KLF3
8030,KLF4
8031,KLF5
8032,KLF6
8033,KLF7
8034,KLF8
8035,KLF9
8036,KLHDC1
8037,KLHDC10
8038,KLHDC2
8039,KLHDC3
8040,KLHDC4
8041,KLHDC7A
8042,KLHDC7B
8043,KLHDC8A
8044,KLHDC8B
8045,KLHDC9
8046,KLHL1
8047,KLHL10
8048,KLHL11
8049,KLHL12
8050,KLHL13
8051,KLHL14
8052,KLHL15
8053,KLHL17
8054,KLHL18
8055,KLHL2
8056,KLHL20
8057,KLHL21
8058,KLHL22
8059,KLHL23
8060,KLHL24
8061,KLHL25
8062,KLHL26
8063,KLHL28
8064,KLHL29
8065,KLHL3
8066,KLHL30
8067,KLHL31
8068,KLHL32
8069,KLHL33
8070,KLHL34
8071,KLHL35
8072,KLHL36
8073,KLHL38
8074,KLHL4
8075,KLHL5
8076,KLHL6
8077,KLHL7
8078,KLHL8
8079,KLHL9
8080,KLK1
8081,KLK10
8082,KLK11
8083,KLK12
8084,KLK13
8085,KLK14
8086,KLK15
8087,KLK2
8088,KLK3
8089,KLK4
8090,KLK5
8091,KLK6
8092,KLK7
8093,KLK8
8094,KLK9
8095,KLKB1
8096,KLLN
8097,KLRB1
8098,KLRC1
8099,KLRC2
8100,KLRC3
8101,KLRC4
8102,KLRC4-KLRK1
8103,KLRD1
8104,KLRF1
8105,KLRF2
8106,KLRG1
8107,KLRG2
8108,KLRK1
8109,KMO
8110,KNCN
8111,KNDC1
8112,KNG1
8113,KNTC1
8114,KPNA1
8115,KPNA2
8116,KPNA3
8117,KPNA4
8118,KPNA5
8119,KPNA6
8120,KPNA7
8121,KPNB1
8122,KPRP
8123,KPTN
8124,KRAS
8125,KRBA1
8126,KRBA2
8127,KRBOX1
8128,KRCC1
8129,KREMEN1
8130,KREMEN2
8131,KRI1
8132,KRIT1
8133,KRR1
8134,KRT1
8135,KRT10
8136,KRT12
8137,KRT13
8138,KRT14
8139,KRT15
8140,KRT16
8141,KRT17
8142,KRT18
8143,KRT19
8144,KRT2
8145,KRT20
8146,KRT222
8147,KRT23
8148,KRT24
8149,KRT25
8150,KRT26
8151,KRT27
8152,KRT28
8153,KRT3
8154,KRT31
8155,KRT32
8156,KRT33A
8157,KRT33B
8158,KRT34
8159,KRT35
8160,KRT36
8161,KRT37
8162,KRT38
8163,KRT39
8164,KRT4
8165,KRT40
8166,KRT5
8167,KRT6A
8168,KRT6B
8169,KRT6C
8170,KRT7
8171,KRT71
8172,KRT72
8173,KRT73
8174,KRT74
8175,KRT75
8176,KRT76
8177,KRT77
8178,KRT78
8179,KRT79
8180,KRT8
8181,KRT80
8182,KRT81
8183,KRT82
8184,KRT83
8185,KRT84
8186,KRT85
8187,KRT86
8188,KRT9
8189,KRTAP10-1
8190,KRTAP10-10
8191,KRTAP10-11
8192,KRTAP10-12
8193,KRTAP10-2
8194,KRTAP10-3
8195,KRTAP10-4
8196,KRTAP10-5
8197,KRTAP10-6
8198,KRTAP10-7
8199,KRTAP10-8
8200,KRTAP10-9
8201,KRTAP1-1
8202,KRTAP11-1
8203,KRTAP12-1
8204,KRTAP12-2
8205,KRTAP12-3
8206,KRTAP12-4
8207,KRTAP1-3
8208,KRTAP13-1
8209,KRTAP13-2
8210,KRTAP13-3
8211,KRTAP13-4
8212,KRTAP1-5
8213,KRTAP15-1
8214,KRTAP16-1
8215,KRTAP17-1
8216,KRTAP19-1
8217,KRTAP19-2
8218,KRTAP19-3
8219,KRTAP19-4
8220,KRTAP19-5
8221,KRTAP19-6
8222,KRTAP19-7
8223,KRTAP19-8
8224,KRTAP20-1
8225,KRTAP20-2
8226,KRTAP20-3
8227,KRTAP2-1
8228,KRTAP21-1
8229,KRTAP21-2
8230,KRTAP21-3
8231,KRTAP2-2
8232,KRTAP22-1
8233,KRTAP22-2
8234,KRTAP23-1
8235,KRTAP2-4
8236,KRTAP24-1
8237,KRTAP25-1
8238,KRTAP26-1
8239,KRTAP27-1
8240,KRTAP3-1
8241,KRTAP3-2
8242,KRTAP3-3
8243,KRTAP4-1
8244,KRTAP4-11
8245,KRTAP4-12
8246,KRTAP4-2
8247,KRTAP4-3
8248,KRTAP4-4
8249,KRTAP4-5
8250,KRTAP4-7
8251,KRTAP4-9
8252,KRTAP5-1
8253,KRTAP5-10
8254,KRTAP5-11
8255,KRTAP5-2
8256,KRTAP5-3
8257,KRTAP5-4
8258,KRTAP5-5
8259,KRTAP5-6
8260,KRTAP5-7
8261,KRTAP5-8
8262,KRTAP5-9
8263,KRTAP6-1
8264,KRTAP6-2
8265,KRTAP6-3
8266,KRTAP7-1
8267,KRTAP8-1
8268,KRTAP9-1
8269,KRTAP9-2
8270,KRTAP9-3
8271,KRTAP9-4
8272,KRTAP9-8
8273,KRTAP9-9
8274,KRTCAP2
8275,KRTCAP3
8276,KRTDAP
8277,KSR1
8278,KSR2
8279,KTI12
8280,KTN1
8281,KXD1
8282,KY
8283,KYNU
8284,L1CAM
8285,L1TD1
8286,L2HGDH
8287,L3MBTL1
8288,L3MBTL2
8289,L3MBTL3
8290,L3MBTL4
8291,LACC1
8292,LACE1
8293,LACRT
8294,LACTB
8295,LACTB2
8296,LAD1
8297,LAG3
8298,LAGE3
8299,LAIR1
8300,LAIR2
8301,LALBA
8302,LAMA1
8303,LAMA2
8304,LAMA3
8305,LAMA4
8306,LAMA5
8307,LAMB1
8308,LAMB2
8309,LAMB3
8310,LAMB4
8311,LAMC1
8312,LAMC2
8313,LAMC3
8314,LAMP1
8315,LAMP2
8316,LAMP3
8317,LAMP5
8318,LAMTOR1
8319,LAMTOR2
8320,LAMTOR3
8321,LANCL1
8322,LANCL2
8323,LANCL3
8324,LAP3
8325,LAPTM4A
8326,LAPTM4B
8327,LAPTM5
8328,LARGE
8329,LARP1
8330,LARP1B
8331,LARP4
8332,LARP4B
8333,LARP6
8334,LARP7
8335,LARS
8336,LARS2
8337,LAS1L
8338,LASP1
8339,LAT
8340,LAT2
8341,LATS1
8342,LATS2
8343,LAX1
8344,LAYN
8345,LBH
8346,LBP
8347,LBR
8348,LBX1
8349,LBX2
8350,LCA5
8351,LCA5L
8352,LCAT
8353,LCE1A
8354,LCE1B
8355,LCE1C
8356,LCE1D
8357,LCE1E
8358,LCE1F
8359,LCE2A
8360,LCE2B
8361,LCE2C
8362,LCE2D
8363,LCE3A
8364,LCE3B
8365,LCE3C
8366,LCE3D
8367,LCE3E
8368,LCE4A
8369,LCE5A
8370,LCE6A
8371,LCK
8372,LCLAT1
8373,LCMT1
8374,LCMT2
8375,LCN1
8376,LCN10
8377,LCN12
8378,LCN15
8379,LCN2
8380,LCN6
8381,LCN8
8382,LCN9
8383,LCNL1
8384,LCOR
8385,LCORL
8386,LCP1
8387,LCP2
8388,LCT
8389,LCTL
8390,LDB1
8391,LDB2
8392,LDB3
8393,LDHA
8394,LDHAL6A
8395,LDHAL6B
8396,LDHB
8397,LDHC
8398,LDHD
8399,LDLR
8400,LDLRAD1
8401,LDLRAD2
8402,LDLRAD3
8403,LDLRAP1
8404,LDOC1
8405,LDOC1L
8406,LEAP2
8407,LECT1
8408,LECT2
8409,LEF1
8410,LEFTY1
8411,LEFTY2
8412,LEKR1
8413,LELP1
8414,LEMD1
8415,LEMD2
8416,LEMD3
8417,LENEP
8418,LENG1
8419,LENG8
8420,LENG9
8421,LEO1
8422,LEP
8423,LEPR
8424,LEPRE1
8425,LEPREL1
8426,LEPREL2
8427,LEPREL4
8428,LEPROT
8429,LEPROTL1
8430,LETM1
8431,LETM2
8432,LETMD1
8433,LEUTX
8434,LFNG
8435,LGALS1
8436,LGALS12
8437,LGALS13
8438,LGALS14
8439,LGALS16
8440,LGALS2
8441,LGALS3
8442,LGALS3BP
8443,LGALS4
8444,LGALS7
8445,LGALS7B
8446,LGALS8
8447,LGALS9
8448,LGALS9B
8449,LGALS9C
8450,LGALSL
8451,LGI1
8452,LGI2
8453,LGI3
8454,LGI4
8455,LGMN
8456,LGR4
8457,LGR5
8458,LGR6
8459,LGSN
8460,LHB
8461,LHCGR
8462,LHFP
8463,LHFPL1
8464,LHFPL2
8465,LHFPL3
8466,LHFPL4
8467,LHFPL5
8468,LHPP
8469,LHX1
8470,LHX2
8471,LHX3
8472,LHX4
8473,LHX5
8474,LHX6
8475,LHX8
8476,LHX9
8477,LIAS
8478,LIF
8479,LIFR
8480,LIG1
8481,LIG3
8482,LIG4
8483,LILRA1
8484,LILRA2
8485,LILRA3
8486,LILRA4
8487,LILRA5
8488,LILRA6
8489,LILRB1
8490,LILRB2
8491,LILRB3
8492,LILRB4
8493,LILRB5
8494,LIM2
8495,LIMA1
8496,LIMCH1
8497,LIMD1
8498,LIMD2
8499,LIME1
8500,LIMK1
8501,LIMK2
8502,LIMS1
8503,LIMS2
8504,LIMS3
8505,LIN28A
8506,LIN28B
8507,LIN37
8508,LIN52
8509,LIN54
8510,LIN7A
8511,LIN7B
8512,LIN7C
8513,LIN9
8514,LINGO1
8515,LINGO2
8516,LINGO3
8517,LINGO4
8518,LINS
8519,LIPA
8520,LIPC
8521,LIPE
8522,LIPF
8523,LIPG
8524,LIPH
8525,LIPI
8526,LIPJ
8527,LIPK
8528,LIPM
8529,LIPN
8530,LIPT1
8531,LIPT2
8532,LITAF
8533,LIX1
8534,LIX1L
8535,LLGL1
8536,LLGL2
8537,LLPH
8538,LMAN1
8539,LMAN1L
8540,LMAN2
8541,LMAN2L
8542,LMBR1
8543,LMBR1L
8544,LMBRD1
8545,LMBRD2
8546,LMCD1
8547,LMF1
8548,LMF2
8549,LMLN
8550,LMNA
8551,LMNB1
8552,LMNB2
8553,LMO1
8554,LMO2
8555,LMO3
8556,LMO4
8557,LMO7
8558,LMOD1
8559,LMOD2
8560,LMOD3
8561,LMTK2
8562,LMTK3
8563,LMX1A
8564,LMX1B
8565,LNP1
8566,LNPEP
8567,LNX1
8568,LNX2
8569,LOC100129216
8570,LOC100129520
8571,LOC100129636
8572,LOC100129924
8573,LOC100130301
8574,LOC100130705
8575,LOC100132146
8576,LOC100133267
8577,LOC100288255
8578,LOC100288814
8579,LOC100289561
8580,LOC100505841
8581,LOC100506388
8582,LOC100506422
8583,LOC100506688
8584,LOC100507462
8585,LOC100653515
8586,LOC154872
8587,LOC388849
8588,LOC389831
8589,LOC391322
8590,LOC554223
8591,LOC643802
8592,LOC646862
8593,LOC649330
8594,LOC650293
8595,LOC728392
8596,LOC728819
8597,LOC730159
8598,LOC81691
8599,LOH12CR1
8600,LONP1
8601,LONP2
8602,LONRF1
8603,LONRF2
8604,LONRF3
8605,LOR
8606,LOX
8607,LOXHD1
8608,LOXL1
8609,LOXL2
8610,LOXL3
8611,LOXL4
8612,LPA
8613,LPAR1
8614,LPAR2
8615,LPAR3
8616,LPAR4
8617,LPAR5
8618,LPAR6
8619,LPCAT1
8620,LPCAT2
8621,LPCAT3
8622,LPCAT4
8623,LPGAT1
8624,LPHN1
8625,LPHN2
8626,LPHN3
8627,LPIN1
8628,LPIN2
8629,LPIN3
8630,LPL
8631,LPO
8632,LPP
8633,LPPR1
8634,LPPR2
8635,LPPR3
8636,LPPR4
8637,LPPR5
8638,LPXN
8639,LRAT
8640,LRBA
8641,LRCH1
8642,LRCH2
8643,LRCH3
8644,LRCH4
8645,LRFN1
8646,LRFN2
8647,LRFN3
8648,LRFN4
8649,LRFN5
8650,LRG1
8651,LRGUK
8652,LRIF1
8653,LRIG1
8654,LRIG2
8655,LRIG3
8656,LRIT1
8657,LRIT2
8658,LRIT3
8659,LRMP
8660,LRP1
8661,LRP10
8662,LRP11
8663,LRP12
8664,LRP1B
8665,LRP2
8666,LRP2BP
8667,LRP3
8668,LRP4
8669,LRP5
8670,LRP5L
8671,LRP6
8672,LRP8
8673,LRPAP1
8674,LRPPRC
8675,LRR1
8676,LRRC1
8677,LRRC10
8678,LRRC10B
8679,LRRC14
8680,LRRC14B
8681,LRRC15
8682,LRRC16A
8683,LRRC16B
8684,LRRC17
8685,LRRC18
8686,LRRC19
8687,LRRC2
8688,LRRC20
8689,LRRC23
8690,LRRC24
8691,LRRC25
8692,LRRC26
8693,LRRC27
8694,LRRC28
8695,LRRC29
8696,LRRC3
8697,LRRC30
8698,LRRC31
8699,LRRC32
8700,LRRC34
8701,LRRC36
8702,LRRC37A
8703,LRRC37A2
8704,LRRC37A3
8705,LRRC37B
8706,LRRC38
8707,LRRC39
8708,LRRC3B
8709,LRRC3C
8710,LRRC4
8711,LRRC40
8712,LRRC41
8713,LRRC42
8714,LRRC43
8715,LRRC45
8716,LRRC46
8717,LRRC47
8718,LRRC48
8719,LRRC49
8720,LRRC4B
8721,LRRC4C
8722,LRRC52
8723,LRRC55
8724,LRRC56
8725,LRRC57
8726,LRRC58
8727,LRRC59
8728,LRRC6
8729,LRRC61
8730,LRRC66
8731,LRRC69
8732,LRRC7
8733,LRRC70
8734,LRRC71
8735,LRRC72
8736,LRRC73
8737,LRRC8A
8738,LRRC8B
8739,LRRC8C
8740,LRRC8D
8741,LRRC8E
8742,LRRCC1
8743,LRRD1
8744,LRRFIP1
8745,LRRFIP2
8746,LRRIQ1
8747,LRRIQ3
8748,LRRIQ4
8749,LRRK1
8750,LRRK2
8751,LRRN1
8752,LRRN2
8753,LRRN3
8754,LRRN4
8755,LRRN4CL
8756,LRRTM1
8757,LRRTM2
8758,LRRTM3
8759,LRRTM4
8760,LRSAM1
8761,LRTM1
8762,LRTM2
8763,LRTOMT
8764,LRWD1
8765,LSAMP
8766,LSG1
8767,LSM1
8768,LSM10
8769,LSM11
8770,LSM12
8771,LSM14A
8772,LSM14B
8773,LSM2
8774,LSM3
8775,LSM4
8776,LSM5
8777,LSM6
8778,LSM7
8779,LSP1
8780,LSR
8781,LSS
8782,LST1
8783,LTA
8784,LTA4H
8785,LTB
8786,LTB4R
8787,LTB4R2
8788,LTBP1
8789,LTBP2
8790,LTBP3
8791,LTBP4
8792,LTBR
8793,LTC4S
8794,LTF
8795,LTK
8796,LTN1
8797,LTV1
8798,LUC7L
8799,LUC7L2
8800,LUC7L3
8801,LUM
8802,LUZP1
8803,LUZP2
8804,LUZP4
8805,LXN
8806,LY6D
8807,LY6E
8808,LY6G5B
8809,LY6G5C
8810,LY6G6C
8811,LY6G6D
8812,LY6G6F
8813,LY6H
8814,LY6K
8815,LY75
8816,LY75-CD302
8817,LY86
8818,LY9
8819,LY96
8820,LYAR
8821,LYG1
8822,LYG2
8823,LYL1
8824,LYN
8825,LYNX1
8826,LYPD1
8827,LYPD2
8828,LYPD3
8829,LYPD4
8830,LYPD5
8831,LYPD6
8832,LYPD6B
8833,LYPLA1
8834,LYPLA2
8835,LYPLAL1
8836,LYRM1
8837,LYRM2
8838,LYRM4
8839,LYRM5
8840,LYRM7
8841,LYSMD1
8842,LYSMD2
8843,LYSMD3
8844,LYSMD4
8845,LYST
8846,LYVE1
8847,LYZ
8848,LYZL1
8849,LYZL2
8850,LYZL4
8851,LYZL6
8852,LZIC
8853,LZTFL1
8854,LZTR1
8855,LZTS1
8856,LZTS2
8857,M6PR
8858,MAB21L1
8859,MAB21L2
8860,MAB21L3
8861,MACC1
8862,MACF1
8863,MACROD1
8864,MACROD2
8865,MAD1L1
8866,MAD2L1
8867,MAD2L1BP
8868,MAD2L2
8869,MADCAM1
8870,MADD
8871,MAEA
8872,MAEL
8873,MAF
8874,MAF1
8875,MAFA
8876,MAFB
8877,MAFF
8878,MAFG
8879,MAFIP
8880,MAFK
8881,MAG
8882,MAGEA1
8883,MAGEA10
8884,MAGEA10-MAGEA5
8885,MAGEA11
8886,MAGEA12
8887,MAGEA2
8888,MAGEA3
8889,MAGEA4
8890,MAGEA5
8891,MAGEA6
8892,MAGEA8
8893,MAGEA9
8894,MAGEA9B
8895,MAGEB1
8896,MAGEB10
8897,MAGEB16
8898,MAGEB18
8899,MAGEB2
8900,MAGEB3
8901,MAGEB4
8902,MAGEB6
8903,MAGEC1
8904,MAGEC2
8905,MAGEC3
8906,MAGED1
8907,MAGED2
8908,MAGED4
8909,MAGED4B
8910,MAGEE1
8911,MAGEE2
8912,MAGEF1
8913,MAGEH1
8914,MAGEL2
8915,MAGI1
8916,MAGI2
8917,MAGI3
8918,MAGIX
8919,MAGOH
8920,MAGOHB
8921,MAGT1
8922,MAK
8923,MAK16
8924,MAL
8925,MAL2
8926,MALL
8927,MALT1
8928,MAMDC2
8929,MAMDC4
8930,MAML1
8931,MAML2
8932,MAML3
8933,MAMLD1
8934,MAMSTR
8935,MAN1A1
8936,MAN1A2
8937,MAN1B1
8938,MAN1C1
8939,MAN2A1
8940,MAN2A2
8941,MAN2B1
8942,MAN2B2
8943,MAN2C1
8944,MANBA
8945,MANBAL
8946,MANEA
8947,MANEAL
8948,MANF
8949,MANSC1
8950,MANSC4
8951,MAOA
8952,MAOB
8953,MAP1A
8954,MAP1B
8955,MAP1LC3A
8956,MAP1LC3B
8957,MAP1LC3B2
8958,MAP1LC3C
8959,MAP1S
8960,MAP2
8961,MAP2K1
8962,MAP2K2
8963,MAP2K3
8964,MAP2K4
8965,MAP2K5
8966,MAP2K6
8967,MAP2K7
8968,MAP3K1
8969,MAP3K10
8970,MAP3K11
8971,MAP3K12
8972,MAP3K13
8973,MAP3K14
8974,MAP3K15
8975,MAP3K2
8976,MAP3K3
8977,MAP3K4
8978,MAP3K5
8979,MAP3K6
8980,MAP3K7
8981,MAP3K8
8982,MAP3K9
8983,MAP4
8984,MAP4K1
8985,MAP4K2
8986,MAP4K3
8987,MAP4K4
8988,MAP4K5
8989,MAP6
8990,MAP6D1
8991,MAP7
8992,MAP7D1
8993,MAP7D2
8994,MAP7D3
8995,MAP9
8996,MAPK1
8997,MAPK10
8998,MAPK11
8999,MAPK12
9000,MAPK13
9001,MAPK14
9002,MAPK15
9003,MAPK1IP1L
9004,MAPK3
9005,MAPK4
9006,MAPK6
9007,MAPK7
9008,MAPK8
9009,MAPK8IP1
9010,MAPK8IP2
9011,MAPK8IP3
9012,MAPK9
9013,MAPKAP1
9014,MAPKAPK2
9015,MAPKAPK3
9016,MAPKAPK5
9017,MAPKBP1
9018,MAPRE1
9019,MAPRE2
9020,MAPRE3
9021,MAPT
9022,MARC1
9023,MARC2
9024,MARCH1
9025,MARCH10
9026,MARCH11
9027,MARCH2
9028,MARCH3
9029,MARCH4
9030,MARCH5
9031,MARCH6
9032,MARCH7
9033,MARCH8
9034,MARCH9
9035,MARCKS
9036,MARCKSL1
9037,MARCO
9038,MARK1
9039,MARK2
9040,MARK3
9041,MARK4
9042,MARS
9043,MARS2
9044,MARVELD1
9045,MARVELD2
9046,MARVELD3
9047,MAS1
9048,MAS1L
9049,MASP1
9050,MASP2
9051,MAST1
9052,MAST2
9053,MAST3
9054,MAST4
9055,MASTL
9056,MAT1A
9057,MAT2A
9058,MAT2B
9059,MATK
9060,MATN1
9061,MATN2
9062,MATN3
9063,MATN4
9064,MATR3
9065,MAU2
9066,MAVS
9067,MAX
9068,MAZ
9069,MB
9070,MB21D1
9071,MB21D2
9072,MBD1
9073,MBD2
9074,MBD3
9075,MBD3L1
9076,MBD3L2
9077,MBD3L3
9078,MBD3L4
9079,MBD3L5
9080,MBD4
9081,MBD5
9082,MBD6
9083,MBIP
9084,MBL2
9085,MBLAC1
9086,MBLAC2
9087,MBNL1
9088,MBNL2
9089,MBNL3
9090,MBOAT1
9091,MBOAT2
9092,MBOAT4
9093,MBOAT7
9094,MBP
9095,MBTD1
9096,MBTPS1
9097,MBTPS2
9098,MC1R
9099,MC2R
9100,MC3R
9101,MC4R
9102,MC5R
9103,MCAM
9104,MCAT
9105,MCC
9106,MCCC1
9107,MCCC2
9108,MCCD1
9109,MCEE
9110,MCF2
9111,MCF2L
9112,MCF2L2
9113,MCFD2
9114,MCHR1
9115,MCHR2
9116,MCL1
9117,MCM10
9118,MCM2
9119,MCM3
9120,MCM3AP
9121,MCM4
9122,MCM5
9123,MCM6
9124,MCM7
9125,MCM8
9126,MCM9
9127,MCMBP
9128,MCOLN1
9129,MCOLN2
9130,MCOLN3
9131,MCPH1
9132,MCRS1
9133,MCTP1
9134,MCTP2
9135,MCTS1
9136,MCU
9137,MDC1
9138,MDFI
9139,MDFIC
9140,MDGA1
9141,MDGA2
9142,MDH1
9143,MDH1B
9144,MDH2
9145,MDK
9146,MDM1
9147,MDM2
9148,MDM4
9149,MDN1
9150,MDP1
9151,ME1
9152,ME2
9153,ME3
9154,MEA1
9155,MEAF6
9156,MECOM
9157,MECP2
9158,MECR
9159,MED1
9160,MED10
9161,MED11
9162,MED12
9163,MED12L
9164,MED13
9165,MED13L
9166,MED14
9167,MED15
9168,MED16
9169,MED17
9170,MED18
9171,MED19
9172,MED20
9173,MED21
9174,MED22
9175,MED23
9176,MED24
9177,MED25
9178,MED26
9179,MED27
9180,MED28
9181,MED29
9182,MED30
9183,MED31
9184,MED4
9185,MED6
9186,MED7
9187,MED8
9188,MED9
9189,MEF2A
9190,MEF2B
9191,MEF2BNB
9192,MEF2BNB-MEF2B
9193,MEF2C
9194,MEF2D
9195,MEFV
9196,MEGF10
9197,MEGF11
9198,MEGF6
9199,MEGF8
9200,MEGF9
9201,MEI1
9202,MEIG1
9203,MEIS1
9204,MEIS2
9205,MEIS3
9206,MELK
9207,MEMO1
9208,MEN1
9209,MEOX1
9210,MEOX2
9211,MEP1A
9212,MEP1B
9213,MEPCE
9214,MEPE
9215,MERTK
9216,MESDC1
9217,MESDC2
9218,MESP1
9219,MESP2
9220,MEST
9221,MET
9222,METAP1
9223,METAP1D
9224,METAP2
9225,METRN
9226,METRNL
9227,METTL1
9228,METTL10
9229,METTL11B
9230,METTL12
9231,METTL13
9232,METTL14
9233,METTL15
9234,METTL16
9235,METTL17
9236,METTL18
9237,METTL20
9238,METTL21A
9239,METTL21B
9240,METTL21C
9241,METTL22
9242,METTL23
9243,METTL2A
9244,METTL2B
9245,METTL3
9246,METTL4
9247,METTL5
9248,METTL6
9249,METTL7A
9250,METTL7B
9251,METTL8
9252,METTL9
9253,MEX3A
9254,MEX3B
9255,MEX3C
9256,MEX3D
9257,MFAP1
9258,MFAP2
9259,MFAP3
9260,MFAP3L
9261,MFAP4
9262,MFAP5
9263,MFF
9264,MFGE8
9265,MFHAS1
9266,MFI2
9267,MFN1
9268,MFN2
9269,MFNG
9270,MFSD1
9271,MFSD10
9272,MFSD11
9273,MFSD12
9274,MFSD2A
9275,MFSD2B
9276,MFSD3
9277,MFSD4
9278,MFSD5
9279,MFSD6
9280,MFSD6L
9281,MFSD7
9282,MFSD8
9283,MFSD9
9284,MGA
9285,MGAM
9286,MGAT1
9287,MGAT2
9288,MGAT3
9289,MGAT4A
9290,MGAT4B
9291,MGAT4C
9292,MGAT5
9293,MGAT5B
9294,MGEA5
9295,MGLL
9296,MGMT
9297,MGP
9298,MGRN1
9299,MGST1
9300,MGST2
9301,MGST3
9302,MIA
9303,MIA2
9304,MIA3
9305,MIB1
9306,MIB2
9307,MICA
9308,MICAL1
9309,MICAL2
9310,MICAL3
9311,MICALCL
9312,MICALL1
9313,MICALL2
9314,MICB
9315,MICU1
9316,MID1
9317,MID1IP1
9318,MID2
9319,MIDN
9320,MIEN1
9321,MIER1
9322,MIER2
9323,MIER3
9324,MIF
9325,MIF4GD
9326,MIIP
9327,MINA
9328,MINK1
9329,MINOS1
9330,MINPP1
9331,MIOS
9332,MIOX
9333,MIP
9334,MIPEP
9335,MIPOL1
9336,MIR205HG
9337,MIS12
9338,MIS18A
9339,MIS18BP1
9340,MITD1
9341,MITF
9342,MIXL1
9343,MKI67
9344,MKKS
9345,MKL1
9346,MKL2
9347,MKLN1
9348,MKNK1
9349,MKNK2
9350,MKRN1
9351,MKRN2
9352,MKRN3
9353,MKS1
9354,MKX
9355,MLANA
9356,MLC1
9357,MLEC
9358,MLF1
9359,MLF2
9360,MLH1
9361,MLH3
9362,MLIP
9363,MLKL
9364,MLLT1
9365,MLLT10
9366,MLLT11
9367,MLLT3
9368,MLLT4
9369,MLLT6
9370,MLN
9371,MLNR
9372,MLPH
9373,MLST8
9374,MLX
9375,MLXIP
9376,MLXIPL
9377,MLYCD
9378,MMAA
9379,MMAB
9380,MMACHC
9381,MMADHC
9382,MMD
9383,MMD2
9384,MME
9385,MMEL1
9386,MMGT1
9387,MMP1
9388,MMP10
9389,MMP11
9390,MMP12
9391,MMP13
9392,MMP14
9393,MMP15
9394,MMP16
9395,MMP17
9396,MMP19
9397,MMP2
9398,MMP20
9399,MMP21
9400,MMP23B
9401,MMP24
9402,MMP25
9403,MMP26
9404,MMP27
9405,MMP28
9406,MMP3
9407,MMP7
9408,MMP8
9409,MMP9
9410,MMRN1
9411,MMRN2
9412,MMS19
9413,MMS22L
9414,MN1
9415,MNAT1
9416,MND1
9417,MNDA
9418,MNS1
9419,MNT
9420,MNX1
9421,MOAP1
9422,MOB1A
9423,MOB1B
9424,MOB2
9425,MOB3A
9426,MOB3B
9427,MOB3C
9428,MOB4
9429,MOBP
9430,MOCOS
9431,MOCS1
9432,MOCS2
9433,MOCS3
9434,MOG
9435,MOGAT1
9436,MOGAT2
9437,MOGAT3
9438,MOGS
9439,MOK
9440,MON1A
9441,MON1B
9442,MON2
9443,MORC1
9444,MORC2
9445,MORC3
9446,MORC4
9447,MORF4L1
9448,MORF4L2
9449,MORN1
9450,MORN2
9451,MORN3
9452,MORN4
9453,MORN5
9454,MOS
9455,MOSPD1
9456,MOSPD2
9457,MOSPD3
9458,MOV10
9459,MOV10L1
9460,MOXD1
9461,MPDU1
9462,MPDZ
9463,MPEG1
9464,MPG
9465,MPHOSPH10
9466,MPHOSPH6
9467,MPHOSPH8
9468,MPHOSPH9
9469,MPI
9470,MPL
9471,MPND
9472,MPO
9473,MPP1
9474,MPP2
9475,MPP3
9476,MPP4
9477,MPP5
9478,MPP6
9479,MPP7
9480,MPPE1
9481,MPPED1
9482,MPPED2
9483,MPRIP
9484,MPST
9485,MPV17
9486,MPV17L
9487,MPV17L2
9488,MPZ
9489,MPZL1
9490,MPZL2
9491,MPZL3
9492,MR1
9493,MRAP
9494,MRAP2
9495,MRAS
9496,MRC1
9497,MRC2
9498,MRE11A
9499,MREG
9500,MRFAP1
9501,MRFAP1L1
9502,MRGPRD
9503,MRGPRE
9504,MRGPRF
9505,MRGPRG
9506,MRGPRX1
9507,MRGPRX2
9508,MRGPRX3
9509,MRGPRX4
9510,MRI1
9511,MRM1
9512,MRO
9513,MRPL1
9514,MRPL10
9515,MRPL11
9516,MRPL12
9517,MRPL13
9518,MRPL14
9519,MRPL15
9520,MRPL16
9521,MRPL17
9522,MRPL18
9523,MRPL19
9524,MRPL2
9525,MRPL20
9526,MRPL21
9527,MRPL22
9528,MRPL23
9529,MRPL24
9530,MRPL27
9531,MRPL28
9532,MRPL3
9533,MRPL30
9534,MRPL32
9535,MRPL33
9536,MRPL34
9537,MRPL35
9538,MRPL36
9539,MRPL37
9540,MRPL38
9541,MRPL39
9542,MRPL4
9543,MRPL40
9544,MRPL41
9545,MRPL42
9546,MRPL43
9547,MRPL44
9548,MRPL45
9549,MRPL46
9550,MRPL47
9551,MRPL48
9552,MRPL49
9553,MRPL50
9554,MRPL51
9555,MRPL52
9556,MRPL53
9557,MRPL54
9558,MRPL55
9559,MRPL9
9560,MRPS10
9561,MRPS11
9562,MRPS12
9563,MRPS14
9564,MRPS15
9565,MRPS16
9566,MRPS17
9567,MRPS18A
9568,MRPS18B
9569,MRPS18C
9570,MRPS2
9571,MRPS21
9572,MRPS22
9573,MRPS23
9574,MRPS24
9575,MRPS25
9576,MRPS26
9577,MRPS27
9578,MRPS28
9579,MRPS30
9580,MRPS31
9581,MRPS33
9582,MRPS34
9583,MRPS35
9584,MRPS36
9585,MRPS5
9586,MRPS6
9587,MRPS7
9588,MRPS9
9589,MRRF
9590,MRS2
9591,MRTO4
9592,MRVI1
9593,MS4A1
9594,MS4A10
9595,MS4A12
9596,MS4A13
9597,MS4A14
9598,MS4A15
9599,MS4A2
9600,MS4A3
9601,MS4A4A
9602,MS4A5
9603,MS4A6A
9604,MS4A6E
9605,MS4A7
9606,MSC
9607,MSGN1
9608,MSH2
9609,MSH3
9610,MSH4
9611,MSH5
9612,MSH6
9613,MSI1
9614,MSI2
9615,MSL1
9616,MSL2
9617,MSL3
9618,MSLN
9619,MSMB
9620,MSMO1
9621,MSMP
9622,MSN
9623,MSR1
9624,MSRA
9625,MSRB2
9626,MSRB3
9627,MST1
9628,MST1R
9629,MST4
9630,MSTN
9631,MSTO1
9632,MSX1
9633,MSX2
9634,MT1A
9635,MT1B
9636,MT1E
9637,MT1F
9638,MT1G
9639,MT1H
9640,MT1M
9641,MT1X
9642,MT2A
9643,MT3
9644,MT4
9645,MTA1
9646,MTA2
9647,MTA3
9648,MTAP
9649,MTBP
9650,MTCH1
9651,MTCH2
9652,MTCP1
9653,MTDH
9654,MTERF
9655,MTERFD1
9656,MTERFD2
9657,MTERFD3
9658,MTF1
9659,MTF2
9660,MTFMT
9661,MTFP1
9662,MTFR1
9663,MTG1
9664,MTHFD1
9665,MTHFD1L
9666,MTHFD2
9667,MTHFD2L
9668,MTHFR
9669,MTHFS
9670,MTHFSD
9671,MTIF2
9672,MTIF3
9673,MTL5
9674,MTM1
9675,MTMR1
9676,MTMR10
9677,MTMR11
9678,MTMR12
9679,MTMR14
9680,MTMR2
9681,MTMR3
9682,MTMR4
9683,MTMR6
9684,MTMR7
9685,MTMR8
9686,MTMR9
9687,MTNR1A
9688,MTNR1B
9689,MTO1
9690,MTOR
9691,MTPAP
9692,MTPN
9693,MTR
9694,MTRF1
9695,MTRF1L
9696,MTRNR2L1
9697,MTRNR2L10
9698,MTRNR2L2
9699,MTRNR2L3
9700,MTRNR2L4
9701,MTRNR2L5
9702,MTRNR2L6
9703,MTRNR2L7
9704,MTRNR2L8
9705,MTRR
9706,MTSS1
9707,MTSS1L
9708,MTTP
9709,MTUS1
9710,MTUS2
9711,MTX1
9712,MTX2
9713,MTX3
9714,MUC1
9715,MUC12
9716,MUC13
9717,MUC15
9718,MUC16
9719,MUC17
9720,MUC2
9721,MUC20
9722,MUC21
9723,MUC22
9724,MUC4
9725,MUC5B
9726,MUC6
9727,MUC7
9728,MUCL1
9729,MUL1
9730,MUM1
9731,MUM1L1
9732,MURC
9733,MUS81
9734,MUSK
9735,MUSTN1
9736,MUT
9737,MUTYH
9738,MVD
9739,MVK
9740,MVP
9741,MX1
9742,MX2
9743,MXD1
9744,MXD3
9745,MXD4
9746,MXI1
9747,MXRA5
9748,MXRA7
9749,MXRA8
9750,MYADM
9751,MYADML2
9752,MYB
9753,MYBBP1A
9754,MYBL1
9755,MYBL2
9756,MYBPC1
9757,MYBPC2
9758,MYBPC3
9759,MYBPH
9760,MYBPHL
9761,MYC
9762,MYCBP
9763,MYCBP2
9764,MYCBPAP
9765,MYCN
9766,MYCT1
9767,MYD88
9768,MYEF2
9769,MYEOV
9770,MYEOV2
9771,MYF5
9772,MYF6
9773,MYH1
9774,MYH10
9775,MYH11
9776,MYH13
9777,MYH14
9778,MYH15
9779,MYH2
9780,MYH3
9781,MYH4
9782,MYH6
9783,MYH7
9784,MYH7B
9785,MYH8
9786,MYH9
9787,MYL1
9788,MYL10
9789,MYL12A
9790,MYL12B
9791,MYL2
9792,MYL3
9793,MYL4
9794,MYL5
9795,MYL6
9796,MYL6B
9797,MYL7
9798,MYL9
9799,MYLIP
9800,MYLK
9801,MYLK2
9802,MYLK3
9803,MYLK4
9804,MYLPF
9805,MYNN
9806,MYO10
9807,MYO15A
9808,MYO16
9809,MYO18A
9810,MYO18B
9811,MYO19
9812,MYO1A
9813,MYO1B
9814,MYO1C
9815,MYO1D
9816,MYO1E
9817,MYO1F
9818,MYO1G
9819,MYO1H
9820,MYO3A
9821,MYO3B
9822,MYO5A
9823,MYO5B
9824,MYO5C
9825,MYO6
9826,MYO7A
9827,MYO7B
9828,MYO9A
9829,MYO9B
9830,MYOC
9831,MYOCD
9832,MYOD1
9833,MYOF
9834,MYOG
9835,MYOM1
9836,MYOM2
9837,MYOM3
9838,MYOT
9839,MYOZ1
9840,MYOZ2
9841,MYOZ3
9842,MYPN
9843,MYPOP
9844,MYRIP
9845,MYSM1
9846,MYT1
9847,MYT1L
9848,MYZAP
9849,MZB1
9850,MZF1
9851,MZT1
9852,MZT2A
9853,MZT2B
9854,N4BP1
9855,N4BP2
9856,N4BP2L1
9857,N4BP2L2
9858,N4BP3
9859,N6AMT1
9860,N6AMT2
9861,NAA10
9862,NAA11
9863,NAA15
9864,NAA16
9865,NAA20
9866,NAA25
9867,NAA30
9868,NAA35
9869,NAA38
9870,NAA40
9871,NAA50
9872,NAA60
9873,NAAA
9874,NAALAD2
9875,NAALADL1
9876,NAALADL2
9877,NAB1
9878,NAB2
9879,NACA
9880,NACA2
9881,NACAD
9882,NACC1
9883,NACC2
9884,NADK
9885,NADSYN1
9886,NAE1
9887,NAF1
9888,NAGA
9889,NAGK
9890,NAGLU
9891,NAGPA
9892,NAGS
9893,NAIF1
9894,NAIP
9895,NALCN
9896,NAMPT
9897,NANOG
9898,NANOGNB
9899,NANOS1
9900,NANOS2
9901,NANOS3
9902,NANP
9903,NANS
9904,NAP1L1
9905,NAP1L2
9906,NAP1L3
9907,NAP1L4
9908,NAP1L5
9909,NAPA
9910,NAPB
9911,NAPEPLD
9912,NAPG
9913,NAPRT1
9914,NAPSA
9915,NARF
9916,NARFL
9917,NARG2
9918,NARS
9919,NARS2
9920,NASP
9921,NAT1
9922,NAT10
9923,NAT14
9924,NAT16
9925,NAT2
9926,NAT6
9927,NAT8
9928,NAT8B
9929,NAT8L
9930,NAT9
9931,NAV1
9932,NAV2
9933,NAV3
9934,NBAS
9935,NBEA
9936,NBEAL1
9937,NBEAL2
9938,NBL1
9939,NBN
9940,NBPF1
9941,NBPF10
9942,NBPF11
9943,NBPF14
9944,NBPF15
9945,NBPF3
9946,NBPF4
9947,NBPF6
9948,NBPF7
9949,NBPF9
9950,NBR1
9951,NCALD
9952,NCAM1
9953,NCAM2
9954,NCAN
9955,NCAPD2
9956,NCAPD3
9957,NCAPG
9958,NCAPG2
9959,NCAPH
9960,NCAPH2
9961,NCBP1
9962,NCBP2
9963,NCCRP1
9964,NCDN
9965,NCEH1
9966,NCF1
9967,NCF2
9968,NCF4
9969,NCK1
9970,NCK2
9971,NCKAP1
9972,NCKAP1L
9973,NCKAP5
9974,NCKAP5L
9975,NCKIPSD
9976,NCL
9977,NCLN
9978,NCOA1
9979,NCOA2
9980,NCOA3
9981,NCOA4
9982,NCOA5
9983,NCOA6
9984,NCOA7
9985,NCOR1
9986,NCOR2
9987,NCR1
9988,NCR2
9989,NCR3
9990,NCS1
9991,NCSTN
9992,NDC80
9993,NDE1
9994,NDEL1
9995,NDFIP1
9996,NDFIP2
9997,NDN
9998,NDNF
9999,NDNL2
10000,NDOR1
10001,NDP
10002,NDRG1
10003,NDRG2
10004,NDRG3
10005,NDRG4
10006,NDST1
10007,NDST2
10008,NDST3
10009,NDST4
10010,NDUFA1
10011,NDUFA10
10012,NDUFA11
10013,NDUFA12
10014,NDUFA13
10015,NDUFA2
10016,NDUFA3
10017,NDUFA4
10018,NDUFA4L2
10019,NDUFA5
10020,NDUFA6
10021,NDUFA7
10022,NDUFA8
10023,NDUFA9
10024,NDUFAB1
10025,NDUFAF1
10026,NDUFAF2
10027,NDUFAF3
10028,NDUFAF4
10029,NDUFB1
10030,NDUFB10
10031,NDUFB11
10032,NDUFB2
10033,NDUFB3
10034,NDUFB4
10035,NDUFB5
10036,NDUFB6
10037,NDUFB7
10038,NDUFB8
10039,NDUFB9
10040,NDUFC1
10041,NDUFC2
10042,NDUFC2-KCTD14
10043,NDUFS1
10044,NDUFS2
10045,NDUFS3
10046,NDUFS4
10047,NDUFS5
10048,NDUFS6
10049,NDUFS7
10050,NDUFS8
10051,NDUFV1
10052,NDUFV2
10053,NDUFV3
10054,NEB
10055,NEBL
10056,NECAB1
10057,NECAB2
10058,NECAB3
10059,NECAP1
10060,NECAP2
10061,NEDD1
10062,NEDD4
10063,NEDD4L
10064,NEDD8
10065,NEDD8-MDP1
10066,NEDD9
10067,NEFH
10068,NEFL
10069,NEFM
10070,NEGR1
10071,NEIL1
10072,NEIL2
10073,NEIL3
10074,NEK1
10075,NEK10
10076,NEK11
10077,NEK2
10078,NEK3
10079,NEK4
10080,NEK5
10081,NEK6
10082,NEK7
10083,NEK8
10084,NEK9
10085,NELL1
10086,NELL2
10087,NEMF
10088,NENF
10089,NEO1
10090,NES
10091,NET1
10092,NETO1
10093,NETO2
10094,NEU1
10095,NEU2
10096,NEU3
10097,NEU4
10098,NEURL1B
10099,NEURL2
10100,NEURL4
10101,NEUROD1
10102,NEUROD2
10103,NEUROD4
10104,NEUROD6
10105,NEUROG1
10106,NEUROG2
10107,NEUROG3
10108,NEXN
10109,NF1
10110,NF2
10111,NFAM1
10112,NFASC
10113,NFAT5
10114,NFATC1
10115,NFATC2
10116,NFATC2IP
10117,NFATC3
10118,NFATC4
10119,NFE2
10120,NFE2L1
10121,NFE2L2
10122,NFE2L3
10123,NFIA
10124,NFIB
10125,NFIC
10126,NFIL3
10127,NFIX
10128,NFKB1
10129,NFKB2
10130,NFKBIA
10131,NFKBIB
10132,NFKBID
10133,NFKBIE
10134,NFKBIL1
10135,NFKBIZ
10136,NFRKB
10137,NFS1
10138,NFU1
10139,NFX1
10140,NFXL1
10141,NFYA
10142,NFYB
10143,NFYC
10144,NGB
10145,NGDN
10146,NGEF
10147,NGF
10148,NGFR
10149,NGFRAP1
10150,NGLY1
10151,NGRN
10152,NHEJ1
10153,NHLH1
10154,NHLH2
10155,NHLRC1
10156,NHLRC2
10157,NHLRC3
10158,NHLRC4
10159,NHP2
10160,NHP2L1
10161,NHS
10162,NHSL1
10163,NHSL2
10164,NICN1
10165,NID1
10166,NID2
10167,NIF3L1
10168,NIN
10169,NINJ1
10170,NINJ2
10171,NINL
10172,NIP7
10173,NIPA1
10174,NIPA2
10175,NIPAL1
10176,NIPAL2
10177,NIPAL3
10178,NIPAL4
10179,NIPBL
10180,NIPSNAP1
10181,NIPSNAP3A
10182,NIPSNAP3B
10183,NISCH
10184,NIT1
10185,NIT2
10186,NKAIN1
10187,NKAIN2
10188,NKAIN3
10189,NKAIN4
10190,NKAP
10191,NKAPL
10192,NKD1
10193,NKD2
10194,NKG7
10195,NKIRAS1
10196,NKIRAS2
10197,NKPD1
10198,NKRF
10199,NKTR
10200,NKX1-2
10201,NKX2-1
10202,NKX2-2
10203,NKX2-3
10204,NKX2-4
10205,NKX2-5
10206,NKX2-6
10207,NKX2-8
10208,NKX3-1
10209,NKX3-2
10210,NKX6-1
10211,NKX6-2
10212,NKX6-3
10213,NLE1
10214,NLGN1
10215,NLGN2
10216,NLGN3
10217,NLGN4X
10218,NLGN4Y
10219,NLK
10220,NLN
10221,NLRC3
10222,NLRC4
10223,NLRC5
10224,NLRP1
10225,NLRP10
10226,NLRP11
10227,NLRP12
10228,NLRP13
10229,NLRP14
10230,NLRP2
10231,NLRP3
10232,NLRP4
10233,NLRP5
10234,NLRP6
10235,NLRP7
10236,NLRP8
10237,NLRP9
10238,NLRX1
10239,NMB
10240,NMBR
10241,NMD3
10242,NME1
10243,NME1-NME2
10244,NME2
10245,NME3
10246,NME4
10247,NME5
10248,NME6
10249,NME7
10250,NME9
10251,NMI
10252,NMNAT1
10253,NMNAT2
10254,NMNAT3
10255,NMRAL1
10256,NMS
10257,NMT1
10258,NMT2
10259,NMU
10260,NMUR1
10261,NMUR2
10262,NNAT
10263,NNMT
10264,NNT
10265,NOA1
10266,NOB1
10267,NOBOX
10268,NOC2L
10269,NOC3L
10270,NOC4L
10271,NOD1
10272,NOD2
10273,NODAL
10274,NOG
10275,NOL10
10276,NOL11
10277,NOL12
10278,NOL3
10279,NOL4
10280,NOL6
10281,NOL7
10282,NOL8
10283,NOL9
10284,NOLC1
10285,NOM1
10286,NOMO1
10287,NOMO2
10288,NOMO3
10289,NONO
10290,NOP10
10291,NOP14
10292,NOP16
10293,NOP2
10294,NOP56
10295,NOP58
10296,NOS1
10297,NOS1AP
10298,NOS2
10299,NOS3
10300,NOSIP
10301,NOSTRIN
10302,NOTCH1
10303,NOTCH2
10304,NOTCH2NL
10305,NOTCH3
10306,NOTCH4
10307,NOTO
10308,NOTUM
10309,NOV
10310,NOVA1
10311,NOVA2
10312,NOX1
10313,NOX3
10314,NOX4
10315,NOX5
10316,NOXA1
10317,NOXO1
10318,NOXRED1
10319,NPAS1
10320,NPAS2
10321,NPAS3
10322,NPAS4
10323,NPAT
10324,NPB
10325,NPBWR1
10326,NPBWR2
10327,NPC1
10328,NPC1L1
10329,NPC2
10330,NPDC1
10331,NPEPL1
10332,NPEPPS
10333,NPFF
10334,NPFFR1
10335,NPFFR2
10336,NPHP1
10337,NPHP3
10338,NPHP4
10339,NPHS1
10340,NPHS2
10341,NPIP
10342,NPL
10343,NPLOC4
10344,NPM1
10345,NPM2
10346,NPM3
10347,NPNT
10348,NPPA
10349,NPPB
10350,NPPC
10351,NPR1
10352,NPR2
10353,NPR3
10354,NPRL2
10355,NPRL3
10356,NPS
10357,NPSR1
10358,NPTN
10359,NPTX1
10360,NPTX2
10361,NPTXR
10362,NPVF
10363,NPW
10364,NPY
10365,NPY1R
10366,NPY2R
10367,NPY5R
10368,NQO1
10369,NQO2
10370,NR0B1
10371,NR0B2
10372,NR1D1
10373,NR1D2
10374,NR1H2
10375,NR1H3
10376,NR1H4
10377,NR1I2
10378,NR1I3
10379,NR2C1
10380,NR2C2
10381,NR2C2AP
10382,NR2E1
10383,NR2E3
10384,NR2F1
10385,NR2F2
10386,NR2F6
10387,NR3C1
10388,NR3C2
10389,NR4A1
10390,NR4A2
10391,NR4A3
10392,NR5A1
10393,NR5A2
10394,NR6A1
10395,NRAP
10396,NRARP
10397,NRAS
10398,NRBF2
10399,NRBP1
10400,NRBP2
10401,NRCAM
10402,NRD1
10403,NREP
10404,NRF1
10405,NRG1
10406,NRG2
10407,NRG3
10408,NRG4
10409,NRGN
10410,NRIP1
10411,NRIP2
10412,NRIP3
10413,NRK
10414,NRL
10415,NRM
10416,NRN1
10417,NRN1L
10418,NRP1
10419,NRP2
10420,NRSN1
10421,NRSN2
10422,NRTN
10423,NRXN1
10424,NRXN2
10425,NRXN3
10426,NSA2
10427,NSD1
10428,NSDHL
10429,NSF
10430,NSFL1C
10431,NSL1
10432,NSMAF
10433,NSMCE1
10434,NSMCE2
10435,NSMCE4A
10436,NSRP1
10437,NSUN2
10438,NSUN3
10439,NSUN4
10440,NSUN5
10441,NSUN6
10442,NSUN7
10443,NT5C
10444,NT5C1A
10445,NT5C1B
10446,NT5C1B-RDH14
10447,NT5C2
10448,NT5DC1
10449,NT5DC2
10450,NT5DC3
10451,NT5E
10452,NT5M
10453,NTAN1
10454,NTF3
10455,NTF4
10456,NTHL1
10457,NTM
10458,NTN1
10459,NTN3
10460,NTN4
10461,NTN5
10462,NTNG1
10463,NTNG2
10464,NTPCR
10465,NTRK1
10466,NTRK2
10467,NTRK3
10468,NTS
10469,NTSR1
10470,NTSR2
10471,NUAK1
10472,NUAK2
10473,NUB1
10474,NUBP1
10475,NUBP2
10476,NUBPL
10477,NUCB1
10478,NUCB2
10479,NUCKS1
10480,NUDC
10481,NUDCD1
10482,NUDCD2
10483,NUDCD3
10484,NUDT1
10485,NUDT10
10486,NUDT11
10487,NUDT12
10488,NUDT13
10489,NUDT14
10490,NUDT15
10491,NUDT16
10492,NUDT16L1
10493,NUDT17
10494,NUDT18
10495,NUDT19
10496,NUDT2
10497,NUDT21
10498,NUDT22
10499,NUDT3
10500,NUDT4
10501,NUDT5
10502,NUDT6
10503,NUDT7
10504,NUDT8
10505,NUDT9
10506,NUF2
10507,NUFIP1
10508,NUFIP2
10509,NUMA1
10510,NUMB
10511,NUMBL
10512,NUP107
10513,NUP133
10514,NUP153
10515,NUP155
10516,NUP160
10517,NUP188
10518,NUP205
10519,NUP210
10520,NUP210L
10521,NUP214
10522,NUP35
10523,NUP37
10524,NUP43
10525,NUP50
10526,NUP54
10527,NUP62
10528,NUP62CL
10529,NUP85
10530,NUP88
10531,NUP93
10532,NUP98
10533,NUPL1
10534,NUPL2
10535,NUPR1
10536,NUS1
10537,NUSAP1
10538,NUTF2
10539,NVL
10540,NWD1
10541,NXF1
10542,NXF2
10543,NXF2B
10544,NXF3
10545,NXF5
10546,NXN
10547,NXNL1
10548,NXNL2
10549,NXPH1
10550,NXPH2
10551,NXPH3
10552,NXPH4
10553,NXT1
10554,NXT2
10555,NYAP1
10556,NYAP2
10557,NYNRIN
10558,NYX
10559,OAF
10560,OAS1
10561,OAS2
10562,OAS3
10563,OASL
10564,OAT
10565,OAZ1
10566,OAZ2
10567,OAZ3
10568,OBFC1
10569,OBP2A
10570,OBP2B
10571,OBSCN
10572,OBSL1
10573,OC90
10574,OCA2
10575,OCEL1
10576,OCIAD1
10577,OCIAD2
10578,OCLM
10579,OCLN
10580,OCM
10581,OCM2
10582,OCRL
10583,ODAM
10584,ODC1
10585,ODF1
10586,ODF2
10587,ODF2L
10588,ODF3
10589,ODF3B
10590,ODF3L1
10591,ODF3L2
10592,ODF4
10593,ODZ2
10594,ODZ4
10595,OFD1
10596,OGDH
10597,OGDHL
10598,OGFOD1
10599,OGFOD2
10600,OGFR
10601,OGFRL1
10602,OGG1
10603,OGN
10604,OGT
10605,OIP5
10606,OIT3
10607,OLA1
10608,OLAH
10609,OLFM1
10610,OLFM2
10611,OLFM3
10612,OLFM4
10613,OLFML1
10614,OLFML2A
10615,OLFML2B
10616,OLFML3
10617,OLIG1
10618,OLIG2
10619,OLIG3
10620,OLR1
10621,OMA1
10622,OMD
10623,OMG
10624,OMP
10625,ONECUT1
10626,ONECUT2
10627,ONECUT3
10628,OOEP
10629,OPA1
10630,OPA3
10631,OPALIN
10632,OPCML
10633,OPHN1
10634,OPLAH
10635,OPN1LW
10636,OPN1MW
10637,OPN1SW
10638,OPN3
10639,OPN4
10640,OPN5
10641,OPRD1
10642,OPRK1
10643,OPRL1
10644,OPRM1
10645,OPTC
10646,OPTN
10647,OR10A2
10648,OR10A3
10649,OR10A4
10650,OR10A5
10651,OR10A6
10652,OR10A7
10653,OR10AD1
10654,OR10AG1
10655,OR10C1
10656,OR10G2
10657,OR10G3
10658,OR10G4
10659,OR10G7
10660,OR10G8
10661,OR10G9
10662,OR10H1
10663,OR10H2
10664,OR10H3
10665,OR10H4
10666,OR10H5
10667,OR10J1
10668,OR10J3
10669,OR10J5
10670,OR10K1
10671,OR10K2
10672,OR10P1
10673,OR10Q1
10674,OR10R2
10675,OR10S1
10676,OR10T2
10677,OR10V1
10678,OR10W1
10679,OR10X1
10680,OR10Z1
10681,OR11A1
10682,OR11G2
10683,OR11H1
10684,OR11H12
10685,OR11H2
10686,OR11H4
10687,OR11H6
10688,OR11L1
10689,OR12D2
10690,OR12D3
10691,OR13A1
10692,OR13C2
10693,OR13C3
10694,OR13C4
10695,OR13C5
10696,OR13C8
10697,OR13C9
10698,OR13D1
10699,OR13F1
10700,OR13G1
10701,OR13H1
10702,OR13J1
10703,OR14A16
10704,OR14C36
10705,OR14I1
10706,OR14J1
10707,OR1A1
10708,OR1A2
10709,OR1B1
10710,OR1C1
10711,OR1D2
10712,OR1D5
10713,OR1E1
10714,OR1E2
10715,OR1F1
10716,OR1G1
10717,OR1I1
10718,OR1J1
10719,OR1J2
10720,OR1J4
10721,OR1K1
10722,OR1L1
10723,OR1L3
10724,OR1L4
10725,OR1L6
10726,OR1L8
10727,OR1M1
10728,OR1N1
10729,OR1N2
10730,OR1Q1
10731,OR1S1
10732,OR1S2
10733,OR2A1
10734,OR2A12
10735,OR2A14
10736,OR2A2
10737,OR2A25
10738,OR2A4
10739,OR2A5
10740,OR2A7
10741,OR2AE1
10742,OR2AG1
10743,OR2AG2
10744,OR2AK2
10745,OR2AT4
10746,OR2B11
10747,OR2B2
10748,OR2B3
10749,OR2B6
10750,OR2C1
10751,OR2C3
10752,OR2D2
10753,OR2D3
10754,OR2F1
10755,OR2F2
10756,OR2G2
10757,OR2G3
10758,OR2G6
10759,OR2H1
10760,OR2H2
10761,OR2J2
10762,OR2J3
10763,OR2K2
10764,OR2L13
10765,OR2L2
10766,OR2L3
10767,OR2L8
10768,OR2M2
10769,OR2M3
10770,OR2M4
10771,OR2M5
10772,OR2M7
10773,OR2S2
10774,OR2T1
10775,OR2T10
10776,OR2T11
10777,OR2T12
10778,OR2T2
10779,OR2T27
10780,OR2T29
10781,OR2T3
10782,OR2T33
10783,OR2T34
10784,OR2T35
10785,OR2T4
10786,OR2T5
10787,OR2T6
10788,OR2T8
10789,OR2V2
10790,OR2W1
10791,OR2W3
10792,OR2W5
10793,OR2Y1
10794,OR2Z1
10795,OR3A1
10796,OR3A2
10797,OR3A3
10798,OR4A15
10799,OR4A16
10800,OR4A47
10801,OR4A5
10802,OR4B1
10803,OR4C11
10804,OR4C12
10805,OR4C13
10806,OR4C15
10807,OR4C16
10808,OR4C3
10809,OR4C45
10810,OR4C46
10811,OR4C6
10812,OR4D1
10813,OR4D10
10814,OR4D11
10815,OR4D2
10816,OR4D5
10817,OR4D6
10818,OR4D9
10819,OR4E2
10820,OR4F15
10821,OR4F16
10822,OR4F17
10823,OR4F21
10824,OR4F4
10825,OR4F5
10826,OR4F6
10827,OR4K1
10828,OR4K13
10829,OR4K14
10830,OR4K15
10831,OR4K17
10832,OR4K2
10833,OR4K5
10834,OR4L1
10835,OR4M1
10836,OR4M2
10837,OR4N2
10838,OR4N4
10839,OR4N5
10840,OR4P4
10841,OR4Q3
10842,OR4S1
10843,OR4S2
10844,OR4X1
10845,OR4X2
10846,OR51A2
10847,OR51A4
10848,OR51A7
10849,OR51B2
10850,OR51B4
10851,OR51B5
10852,OR51B6
10853,OR51D1
10854,OR51E1
10855,OR51E2
10856,OR51F1
10857,OR51F2
10858,OR51G1
10859,OR51G2
10860,OR51I1
10861,OR51I2
10862,OR51L1
10863,OR51M1
10864,OR51Q1
10865,OR51S1
10866,OR51T1
10867,OR51V1
10868,OR52A1
10869,OR52A5
10870,OR52B2
10871,OR52B4
10872,OR52B6
10873,OR52D1
10874,OR52E2
10875,OR52E4
10876,OR52E6
10877,OR52E8
10878,OR52H1
10879,OR52I1
10880,OR52I2
10881,OR52J3
10882,OR52K1
10883,OR52K2
10884,OR52L1
10885,OR52M1
10886,OR52N1
10887,OR52N2
10888,OR52N4
10889,OR52N5
10890,OR52R1
10891,OR52W1
10892,OR56A1
10893,OR56A3
10894,OR56A4
10895,OR56A5
10896,OR56B1
10897,OR56B4
10898,OR5A1
10899,OR5A2
10900,OR5AC2
10901,OR5AK2
10902,OR5AN1
10903,OR5AP2
10904,OR5AR1
10905,OR5AS1
10906,OR5AU1
10907,OR5B12
10908,OR5B17
10909,OR5B2
10910,OR5B21
10911,OR5B3
10912,OR5C1
10913,OR5D13
10914,OR5D14
10915,OR5D16
10916,OR5D18
10917,OR5F1
10918,OR5H1
10919,OR5H14
10920,OR5H15
10921,OR5H2
10922,OR5H6
10923,OR5I1
10924,OR5J2
10925,OR5K1
10926,OR5K2
10927,OR5K3
10928,OR5K4
10929,OR5L1
10930,OR5L2
10931,OR5M1
10932,OR5M10
10933,OR5M11
10934,OR5M3
10935,OR5M8
10936,OR5M9
10937,OR5P2
10938,OR5P3
10939,OR5R1
10940,OR5T1
10941,OR5T2
10942,OR5T3
10943,OR5V1
10944,OR5W2
10945,OR6A2
10946,OR6B1
10947,OR6B2
10948,OR6B3
10949,OR6C1
10950,OR6C2
10951,OR6C3
10952,OR6C4
10953,OR6C6
10954,OR6C65
10955,OR6C68
10956,OR6C70
10957,OR6C74
10958,OR6C75
10959,OR6C76
10960,OR6F1
10961,OR6K2
10962,OR6K3
10963,OR6K6
10964,OR6M1
10965,OR6N1
10966,OR6N2
10967,OR6P1
10968,OR6Q1
10969,OR6S1
10970,OR6T1
10971,OR6V1
10972,OR6X1
10973,OR6Y1
10974,OR7A10
10975,OR7A17
10976,OR7A5
10977,OR7C1
10978,OR7C2
10979,OR7D2
10980,OR7D4
10981,OR7E24
10982,OR7G1
10983,OR7G2
10984,OR7G3
10985,OR8A1
10986,OR8B12
10987,OR8B2
10988,OR8B3
10989,OR8B4
10990,OR8B8
10991,OR8D1
10992,OR8D2
10993,OR8D4
10994,OR8G1
10995,OR8G2
10996,OR8H1
10997,OR8H2
10998,OR8H3
10999,OR8I2
11000,OR8J1
11001,OR8J3
11002,OR8K1
11003,OR8K3
11004,OR8K5
11005,OR8S1
11006,OR8U8
11007,OR9A2
11008,OR9A4
11009,OR9G4
11010,OR9G9
11011,OR9I1
11012,OR9K2
11013,OR9Q1
11014,OR9Q2
11015,ORAI1
11016,ORAI2
11017,ORAI3
11018,ORAOV1
11019,ORC1
11020,ORC2
11021,ORC3
11022,ORC4
11023,ORC5
11024,ORC6
11025,ORM1
11026,ORM2
11027,ORMDL1
11028,ORMDL2
11029,ORMDL3
11030,OS9
11031,OSBP
11032,OSBP2
11033,OSBPL10
11034,OSBPL11
11035,OSBPL1A
11036,OSBPL2
11037,OSBPL3
11038,OSBPL5
11039,OSBPL6
11040,OSBPL7
11041,OSBPL8
11042,OSBPL9
11043,OSCAR
11044,OSCP1
11045,OSGEP
11046,OSGEPL1
11047,OSGIN1
11048,OSGIN2
11049,OSM
11050,OSMR
11051,OSR1
11052,OSR2
11053,OST4
11054,OSTC
11055,OSTF1
11056,OSTM1
11057,OSTN
11058,OTC
11059,OTOA
11060,OTOF
11061,OTOGL
11062,OTOL1
11063,OTOP1
11064,OTOP2
11065,OTOP3
11066,OTOR
11067,OTOS
11068,OTP
11069,OTUB1
11070,OTUB2
11071,OTUD1
11072,OTUD3
11073,OTUD4
11074,OTUD5
11075,OTUD6A
11076,OTUD6B
11077,OTUD7A
11078,OTUD7B
11079,OTX1
11080,OTX2
11081,OVCA2
11082,OVCH1
11083,OVCH2
11084,OVGP1
11085,OVOL1
11086,OVOL2
11087,OXA1L
11088,OXCT1
11089,OXCT2
11090,OXER1
11091,OXGR1
11092,OXNAD1
11093,OXR1
11094,OXSM
11095,OXSR1
11096,OXT
11097,OXTR
11098,P2RX1
11099,P2RX2
11100,P2RX3
11101,P2RX4
11102,P2RX5
11103,P2RX6
11104,P2RX7
11105,P2RY1
11106,P2RY10
11107,P2RY11
11108,P2RY12
11109,P2RY13
11110,P2RY14
11111,P2RY2
11112,P2RY4
11113,P2RY6
11114,P2RY8
11115,P4HA1
11116,P4HA2
11117,P4HA3
11118,P4HB
11119,P4HTM
11120,PA2G4
11121,PAAF1
11122,PABPC1
11123,PABPC1L
11124,PABPC1L2A
11125,PABPC1L2B
11126,PABPC3
11127,PABPC4
11128,PABPC4L
11129,PABPC5
11130,PABPN1
11131,PABPN1L
11132,PACRG
11133,PACRGL
11134,PACS1
11135,PACS2
11136,PACSIN1
11137,PACSIN2
11138,PACSIN3
11139,PADI1
11140,PADI2
11141,PADI3
11142,PADI4
11143,PADI6
11144,PAEP
11145,PAF1
11146,PAFAH1B1
11147,PAFAH1B2
11148,PAFAH1B3
11149,PAFAH2
11150,PAG1
11151,PAGE1
11152,PAGE2
11153,PAGE2B
11154,PAGE4
11155,PAGE5
11156,PAH
11157,PAICS
11158,PAIP1
11159,PAIP2
11160,PAIP2B
11161,PAK1
11162,PAK1IP1
11163,PAK2
11164,PAK3
11165,PAK4
11166,PAK6
11167,PAK7
11168,PALB2
11169,PALLD
11170,PALM
11171,PALM2
11172,PALM2-AKAP2
11173,PALM3
11174,PALMD
11175,PAM
11176,PAM16
11177,PAMR1
11178,PAN2
11179,PAN3
11180,PANK1
11181,PANK2
11182,PANK3
11183,PANK4
11184,PANX1
11185,PANX2
11186,PANX3
11187,PAOX
11188,PAPD4
11189,PAPD5
11190,PAPD7
11191,PAPL
11192,PAPLN
11193,PAPOLA
11194,PAPOLB
11195,PAPOLG
11196,PAPPA
11197,PAPPA2
11198,PAPSS1
11199,PAPSS2
11200,PAQR3
11201,PAQR4
11202,PAQR5
11203,PAQR6
11204,PAQR7
11205,PAQR8
11206,PAQR9
11207,PARD3
11208,PARD3B
11209,PARD6A
11210,PARD6B
11211,PARD6G
11212,PARG
11213,PARK2
11214,PARK7
11215,PARL
11216,PARM1
11217,PARN
11218,PARP1
11219,PARP10
11220,PARP11
11221,PARP12
11222,PARP14
11223,PARP15
11224,PARP16
11225,PARP2
11226,PARP3
11227,PARP4
11228,PARP6
11229,PARP8
11230,PARP9
11231,PARPBP
11232,PARS2
11233,PARVA
11234,PARVB
11235,PARVG
11236,PASD1
11237,PASK
11238,PATE1
11239,PATE2
11240,PATE3
11241,PATE4
11242,PATL1
11243,PATL2
11244,PATZ1
11245,PAWR
11246,PAX1
11247,PAX2
11248,PAX3
11249,PAX4
11250,PAX5
11251,PAX6
11252,PAX7
11253,PAX8
11254,PAX9
11255,PAXIP1
11256,PBK
11257,PBLD
11258,PBOV1
11259,PBRM1
11260,PBX1
11261,PBX2
11262,PBX3
11263,PBX4
11264,PBXIP1
11265,PC
11266,PCBD1
11267,PCBD2
11268,PCBP1
11269,PCBP2
11270,PCBP3
11271,PCBP4
11272,PCCA
11273,PCCB
11274,PCDH1
11275,PCDH10
11276,PCDH11X
11277,PCDH11Y
11278,PCDH12
11279,PCDH15
11280,PCDH17
11281,PCDH18
11282,PCDH19
11283,PCDH20
11284,PCDH7
11285,PCDH8
11286,PCDH9
11287,PCDHA1
11288,PCDHA10
11289,PCDHA11
11290,PCDHA12
11291,PCDHA13
11292,PCDHA2
11293,PCDHA3
11294,PCDHA4
11295,PCDHA5
11296,PCDHA6
11297,PCDHA7
11298,PCDHA8
11299,PCDHA9
11300,PCDHAC1
11301,PCDHAC2
11302,PCDHB1
11303,PCDHB10
11304,PCDHB11
11305,PCDHB12
11306,PCDHB13
11307,PCDHB14
11308,PCDHB15
11309,PCDHB16
11310,PCDHB2
11311,PCDHB3
11312,PCDHB4
11313,PCDHB5
11314,PCDHB6
11315,PCDHB7
11316,PCDHB8
11317,PCDHB9
11318,PCDHGA1
11319,PCDHGA10
11320,PCDHGA11
11321,PCDHGA12
11322,PCDHGA2
11323,PCDHGA3
11324,PCDHGA4
11325,PCDHGA5
11326,PCDHGA6
11327,PCDHGA7
11328,PCDHGA8
11329,PCDHGA9
11330,PCDHGB1
11331,PCDHGB2
11332,PCDHGB3
11333,PCDHGB4
11334,PCDHGB5
11335,PCDHGB6
11336,PCDHGB7
11337,PCDHGC3
11338,PCDHGC4
11339,PCDHGC5
11340,PCDP1
11341,PCF11
11342,PCGF1
11343,PCGF2
11344,PCGF3
11345,PCGF5
11346,PCGF6
11347,PCID2
11348,PCIF1
11349,PCK1
11350,PCK2
11351,PCLO
11352,PCM1
11353,PCMT1
11354,PCMTD1
11355,PCMTD2
11356,PCNA
11357,PCNP
11358,PCNT
11359,PCNX
11360,PCNXL2
11361,PCNXL3
11362,PCOLCE
11363,PCOLCE2
11364,PCP2
11365,PCP4
11366,PCP4L1
11367,PCSK1
11368,PCSK1N
11369,PCSK2
11370,PCSK4
11371,PCSK5
11372,PCSK6
11373,PCSK7
11374,PCSK9
11375,PCTP
11376,PCYOX1
11377,PCYOX1L
11378,PCYT1A
11379,PCYT1B
11380,PCYT2
11381,PDAP1
11382,PDC
11383,PDCD1
11384,PDCD10
11385,PDCD11
11386,PDCD1LG2
11387,PDCD2
11388,PDCD2L
11389,PDCD4
11390,PDCD5
11391,PDCD6
11392,PDCD6IP
11393,PDCD7
11394,PDCL
11395,PDCL2
11396,PDCL3
11397,PDDC1
11398,PDE10A
11399,PDE11A
11400,PDE12
11401,PDE1A
11402,PDE1B
11403,PDE1C
11404,PDE2A
11405,PDE3A
11406,PDE3B
11407,PDE4A
11408,PDE4B
11409,PDE4C
11410,PDE4D
11411,PDE4DIP
11412,PDE5A
11413,PDE6A
11414,PDE6B
11415,PDE6C
11416,PDE6D
11417,PDE6G
11418,PDE6H
11419,PDE7A
11420,PDE7B
11421,PDE8A
11422,PDE8B
11423,PDE9A
11424,PDF
11425,PDGFA
11426,PDGFB
11427,PDGFC
11428,PDGFD
11429,PDGFRA
11430,PDGFRB
11431,PDGFRL
11432,PDHA1
11433,PDHA2
11434,PDHB
11435,PDHX
11436,PDIA2
11437,PDIA3
11438,PDIA4
11439,PDIA5
11440,PDIA6
11441,PDIK1L
11442,PDILT
11443,PDK1
11444,PDK2
11445,PDK3
11446,PDK4
11447,PDLIM1
11448,PDLIM2
11449,PDLIM3
11450,PDLIM4
11451,PDLIM5
11452,PDLIM7
11453,PDP1
11454,PDP2
11455,PDPK1
11456,PDPN
11457,PDPR
11458,PDRG1
11459,PDS5A
11460,PDS5B
11461,PDSS1
11462,PDSS2
11463,PDX1
11464,PDXDC1
11465,PDXK
11466,PDXP
11467,PDYN
11468,PDZD11
11469,PDZD2
11470,PDZD3
11471,PDZD4
11472,PDZD7
11473,PDZD8
11474,PDZD9
11475,PDZK1
11476,PDZK1IP1
11477,PDZRN3
11478,PDZRN4
11479,PEA15
11480,PEAK1
11481,PEAR1
11482,PEBP1
11483,PEBP4
11484,PECR
11485,PEF1
11486,PEG10
11487,PEG3
11488,PELI1
11489,PELI2
11490,PELI3
11491,PELO
11492,PELP1
11493,PEMT
11494,PENK
11495,PEPD
11496,PER1
11497,PER2
11498,PER3
11499,PERP
11500,PES1
11501,PET112
11502,PET117
11503,PEX1
11504,PEX10
11505,PEX11A
11506,PEX11B
11507,PEX11G
11508,PEX12
11509,PEX13
11510,PEX14
11511,PEX16
11512,PEX19
11513,PEX2
11514,PEX26
11515,PEX3
11516,PEX5
11517,PEX5L
11518,PEX6
11519,PEX7
11520,PF4
11521,PF4V1
11522,PFAS
11523,PFDN1
11524,PFDN2
11525,PFDN4
11526,PFDN5
11527,PFDN6
11528,PFKFB1
11529,PFKFB2
11530,PFKFB3
11531,PFKFB4
11532,PFKL
11533,PFKM
11534,PFKP
11535,PFN1
11536,PFN2
11537,PFN3
11538,PFN4
11539,PGA3
11540,PGA4
11541,PGA5
11542,PGAM1
11543,PGAM2
11544,PGAM4
11545,PGAM5
11546,PGAP1
11547,PGAP2
11548,PGAP3
11549,PGBD1
11550,PGBD2
11551,PGBD4
11552,PGBD5
11553,PGC
11554,PGD
11555,PGF
11556,PGGT1B
11557,PGK1
11558,PGK2
11559,PGLS
11560,PGLYRP1
11561,PGLYRP2
11562,PGLYRP3
11563,PGLYRP4
11564,PGM1
11565,PGM2
11566,PGM2L1
11567,PGM3
11568,PGM5
11569,PGP
11570,PGPEP1
11571,PGPEP1L
11572,PGR
11573,PGRMC1
11574,PGRMC2
11575,PGS1
11576,PHACTR1
11577,PHACTR2
11578,PHACTR3
11579,PHACTR4
11580,PHAX
11581,PHB
11582,PHB2
11583,PHC1
11584,PHC2
11585,PHC3
11586,PHEX
11587,PHF1
11588,PHF10
11589,PHF11
11590,PHF12
11591,PHF13
11592,PHF14
11593,PHF19
11594,PHF2
11595,PHF20
11596,PHF20L1
11597,PHF21A
11598,PHF21B
11599,PHF23
11600,PHF3
11601,PHF5A
11602,PHF6
11603,PHF7
11604,PHF8
11605,PHGDH
11606,PHGR1
11607,PHIP
11608,PHKA1
11609,PHKA2
11610,PHKB
11611,PHKG1
11612,PHKG2
11613,PHLDA1
11614,PHLDA2
11615,PHLDA3
11616,PHLDB1
11617,PHLDB2
11618,PHLDB3
11619,PHLPP1
11620,PHLPP2
11621,PHOSPHO1
11622,PHOSPHO2
11623,PHOSPHO2-KLHL23
11624,PHOX2A
11625,PHOX2B
11626,PHPT1
11627,PHRF1
11628,PHTF1
11629,PHTF2
11630,PHYH
11631,PHYHD1
11632,PHYHIP
11633,PHYHIPL
11634,PI15
11635,PI16
11636,PI3
11637,PI4K2A
11638,PI4K2B
11639,PI4KA
11640,PI4KB
11641,PIAS1
11642,PIAS2
11643,PIAS3
11644,PIAS4
11645,PIBF1
11646,PICALM
11647,PICK1
11648,PID1
11649,PIDD
11650,PIEZO1
11651,PIEZO2
11652,PIF1
11653,PIGA
11654,PIGB
11655,PIGC
11656,PIGF
11657,PIGG
11658,PIGH
11659,PIGK
11660,PIGL
11661,PIGM
11662,PIGN
11663,PIGO
11664,PIGP
11665,PIGQ
11666,PIGR
11667,PIGS
11668,PIGT
11669,PIGU
11670,PIGV
11671,PIGW
11672,PIGX
11673,PIGZ
11674,PIH1D1
11675,PIH1D2
11676,PIK3AP1
11677,PIK3C2A
11678,PIK3C2B
11679,PIK3C2G
11680,PIK3C3
11681,PIK3CA
11682,PIK3CB
11683,PIK3CD
11684,PIK3CG
11685,PIK3IP1
11686,PIK3R1
11687,PIK3R2
11688,PIK3R3
11689,PIK3R4
11690,PIK3R5
11691,PIK3R6
11692,PIKFYVE
11693,PILRA
11694,PILRB
11695,PIM1
11696,PIM2
11697,PIM3
11698,PIN1
11699,PIN4
11700,PINK1
11701,PINX1
11702,PIP
11703,PIP4K2A
11704,PIP4K2B
11705,PIP4K2C
11706,PIP5K1A
11707,PIP5K1B
11708,PIP5K1C
11709,PIP5KL1
11710,PIPOX
11711,PIR
11712,PIRT
11713,PISD
11714,PITHD1
11715,PITPNA
11716,PITPNB
11717,PITPNC1
11718,PITPNM1
11719,PITPNM2
11720,PITPNM3
11721,PITRM1
11722,PITX1
11723,PITX2
11724,PITX3
11725,PIWIL1
11726,PIWIL2
11727,PIWIL3
11728,PIWIL4
11729,PJA1
11730,PJA2
11731,PKD1
11732,PKD1L1
11733,PKD1L2
11734,PKD1L3
11735,PKD2
11736,PKD2L1
11737,PKD2L2
11738,PKDCC
11739,PKDREJ
11740,PKHD1
11741,PKHD1L1
11742,PKIA
11743,PKIB
11744,PKIG
11745,PKLR
11746,PKMYT1
11747,PKN1
11748,PKN2
11749,PKN3
11750,PKNOX1
11751,PKNOX2
11752,PKP1
11753,PKP2
11754,PKP3
11755,PKP4
11756,PLA1A
11757,PLA2G10
11758,PLA2G12A
11759,PLA2G12B
11760,PLA2G15
11761,PLA2G16
11762,PLA2G1B
11763,PLA2G2A
11764,PLA2G2C
11765,PLA2G2D
11766,PLA2G2E
11767,PLA2G2F
11768,PLA2G3
11769,PLA2G4A
11770,PLA2G4B
11771,PLA2G4C
11772,PLA2G4D
11773,PLA2G4E
11774,PLA2G4F
11775,PLA2G5
11776,PLA2G6
11777,PLA2G7
11778,PLA2R1
11779,PLAA
11780,PLAC1
11781,PLAC4
11782,PLAC8
11783,PLAC8L1
11784,PLAC9
11785,PLAG1
11786,PLAGL1
11787,PLAGL2
11788,PLAT
11789,PLAU
11790,PLAUR
11791,PLB1
11792,PLBD1
11793,PLBD2
11794,PLCB1
11795,PLCB2
11796,PLCB3
11797,PLCB4
11798,PLCD1
11799,PLCD3
11800,PLCD4
11801,PLCE1
11802,PLCG1
11803,PLCG2
11804,PLCH1
11805,PLCH2
11806,PLCL1
11807,PLCL2
11808,PLCXD1
11809,PLCXD2
11810,PLCXD3
11811,PLCZ1
11812,PLD1
11813,PLD2
11814,PLD3
11815,PLD4
11816,PLD5
11817,PLD6
11818,PLEC
11819,PLEK
11820,PLEK2
11821,PLEKHA1
11822,PLEKHA2
11823,PLEKHA3
11824,PLEKHA4
11825,PLEKHA5
11826,PLEKHA6
11827,PLEKHA7
11828,PLEKHA8
11829,PLEKHB1
11830,PLEKHB2
11831,PLEKHD1
11832,PLEKHF1
11833,PLEKHF2
11834,PLEKHG1
11835,PLEKHG2
11836,PLEKHG3
11837,PLEKHG4
11838,PLEKHG4B
11839,PLEKHG5
11840,PLEKHG6
11841,PLEKHG7
11842,PLEKHH1
11843,PLEKHH2
11844,PLEKHH3
11845,PLEKHJ1
11846,PLEKHM1
11847,PLEKHM2
11848,PLEKHM3
11849,PLEKHN1
11850,PLEKHO1
11851,PLEKHO2
11852,PLG
11853,PLGLB1
11854,PLGLB2
11855,PLIN1
11856,PLIN2
11857,PLIN3
11858,PLIN4
11859,PLIN5
11860,PLK1
11861,PLK2
11862,PLK3
11863,PLK4
11864,PLK5
11865,PLLP
11866,PLN
11867,PLOD1
11868,PLOD2
11869,PLOD3
11870,PLP1
11871,PLP2
11872,PLRG1
11873,PLS1
11874,PLS3
11875,PLSCR1
11876,PLSCR2
11877,PLSCR3
11878,PLSCR4
11879,PLSCR5
11880,PLTP
11881,PLVAP
11882,PLXDC1
11883,PLXDC2
11884,PLXNA1
11885,PLXNA2
11886,PLXNA3
11887,PLXNA4
11888,PLXNB1
11889,PLXNB2
11890,PLXNB3
11891,PLXNC1
11892,PLXND1
11893,PM20D1
11894,PM20D2
11895,PMAIP1
11896,PMCH
11897,PMEL
11898,PMEPA1
11899,PMF1
11900,PMF1-BGLAP
11901,PMFBP1
11902,PML
11903,PMM1
11904,PMM2
11905,PMP2
11906,PMP22
11907,PMPCA
11908,PMPCB
11909,PMS1
11910,PMS2
11911,PMVK
11912,PNCK
11913,PNISR
11914,PNKD
11915,PNKP
11916,PNLDC1
11917,PNLIP
11918,PNLIPRP1
11919,PNLIPRP2
11920,PNLIPRP3
11921,PNMA1
11922,PNMA2
11923,PNMA3
11924,PNMA5
11925,PNMA6A
11926,PNMAL1
11927,PNMAL2
11928,PNMT
11929,PNN
11930,PNO1
11931,PNOC
11932,PNP
11933,PNPLA1
11934,PNPLA2
11935,PNPLA3
11936,PNPLA4
11937,PNPLA5
11938,PNPLA6
11939,PNPLA7
11940,PNPLA8
11941,PNPO
11942,PNPT1
11943,PNRC1
11944,PNRC2
11945,POC1A
11946,POC1B
11947,POC1B-GALNT4
11948,POC5
11949,PODN
11950,PODNL1
11951,PODXL
11952,PODXL2
11953,POF1B
11954,POFUT1
11955,POFUT2
11956,POGK
11957,POGLUT1
11958,POGZ
11959,POLA1
11960,POLA2
11961,POLB
11962,POLD1
11963,POLD2
11964,POLD3
11965,POLD4
11966,POLDIP2
11967,POLDIP3
11968,POLE
11969,POLE2
11970,POLE3
11971,POLE4
11972,POLG
11973,POLG2
11974,POLH
11975,POLI
11976,POLK
11977,POLL
11978,POLM
11979,POLN
11980,POLQ
11981,POLR1A
11982,POLR1B
11983,POLR1C
11984,POLR1D
11985,POLR1E
11986,POLR2A
11987,POLR2B
11988,POLR2C
11989,POLR2D
11990,POLR2E
11991,POLR2F
11992,POLR2G
11993,POLR2H
11994,POLR2I
11995,POLR2J
11996,POLR2J2
11997,POLR2J3
11998,POLR2K
11999,POLR2L
12000,POLR2M
12001,POLR3A
12002,POLR3B
12003,POLR3C
12004,POLR3D
12005,POLR3E
12006,POLR3F
12007,POLR3G
12008,POLR3GL
12009,POLR3H
12010,POLR3K
12011,POLRMT
12012,POM121
12013,POM121C
12014,POM121L12
12015,POM121L2
12016,POMC
12017,POMGNT1
12018,POMP
12019,POMT1
12020,POMT2
12021,POMZP3
12022,PON1
12023,PON2
12024,PON3
12025,POP1
12026,POP4
12027,POP5
12028,POP7
12029,POPDC2
12030,POPDC3
12031,POR
12032,PORCN
12033,POSTN
12034,POT1
12035,POTEA
12036,POTEB
12037,POTEC
12038,POTED
12039,POTEE
12040,POTEF
12041,POTEG
12042,POTEH
12043,POTEM
12044,POU1F1
12045,POU2AF1
12046,POU2F1
12047,POU2F2
12048,POU2F3
12049,POU3F1
12050,POU3F2
12051,POU3F3
12052,POU3F4
12053,POU4F1
12054,POU4F2
12055,POU4F3
12056,POU5F1
12057,POU5F1B
12058,POU5F2
12059,POU6F1
12060,POU6F2
12061,PP2D1
12062,PPA1
12063,PPA2
12064,PPAN
12065,PPAN-P2RY11
12066,PPAP2A
12067,PPAP2B
12068,PPAP2C
12069,PPAPDC1A
12070,PPAPDC1B
12071,PPAPDC2
12072,PPAPDC3
12073,PPARA
12074,PPARD
12075,PPARG
12076,PPARGC1A
12077,PPARGC1B
12078,PPAT
12079,PPBP
12080,PPCDC
12081,PPCS
12082,PPDPF
12083,PPEF1
12084,PPEF2
12085,PPFIA1
12086,PPFIA2
12087,PPFIA3
12088,PPFIA4
12089,PPFIBP1
12090,PPFIBP2
12091,PPHLN1
12092,PPIA
12093,PPIAL4B
12094,PPIAL4F
12095,PPIAL4G
12096,PPIB
12097,PPIC
12098,PPID
12099,PPIE
12100,PPIF
12101,PPIG
12102,PPIH
12103,PPIL1
12104,PPIL2
12105,PPIL3
12106,PPIL4
12107,PPIL6
12108,PPIP5K1
12109,PPIP5K2
12110,PPL
12111,PPM1A
12112,PPM1B
12113,PPM1D
12114,PPM1E
12115,PPM1F
12116,PPM1G
12117,PPM1H
12118,PPM1J
12119,PPM1K
12120,PPM1L
12121,PPM1M
12122,PPM1N
12123,PPME1
12124,PPOX
12125,PPP1CA
12126,PPP1CB
12127,PPP1CC
12128,PPP1R10
12129,PPP1R11
12130,PPP1R12A
12131,PPP1R12B
12132,PPP1R12C
12133,PPP1R13B
12134,PPP1R13L
12135,PPP1R14A
12136,PPP1R14B
12137,PPP1R14C
12138,PPP1R14D
12139,PPP1R15A
12140,PPP1R15B
12141,PPP1R16A
12142,PPP1R16B
12143,PPP1R17
12144,PPP1R18
12145,PPP1R1A
12146,PPP1R1B
12147,PPP1R1C
12148,PPP1R2
12149,PPP1R21
12150,PPP1R26
12151,PPP1R27
12152,PPP1R32
12153,PPP1R35
12154,PPP1R36
12155,PPP1R37
12156,PPP1R3A
12157,PPP1R3B
12158,PPP1R3C
12159,PPP1R3D
12160,PPP1R3F
12161,PPP1R3G
12162,PPP1R42
12163,PPP1R7
12164,PPP1R8
12165,PPP1R9A
12166,PPP1R9B
12167,PPP2CA
12168,PPP2CB
12169,PPP2R1A
12170,PPP2R1B
12171,PPP2R2A
12172,PPP2R2B
12173,PPP2R2C
12174,PPP2R2D
12175,PPP2R3A
12176,PPP2R3B
12177,PPP2R3C
12178,PPP2R4
12179,PPP2R5A
12180,PPP2R5B
12181,PPP2R5C
12182,PPP2R5D
12183,PPP2R5E
12184,PPP3CA
12185,PPP3CB
12186,PPP3CC
12187,PPP3R1
12188,PPP3R2
12189,PPP4C
12190,PPP4R1
12191,PPP4R2
12192,PPP4R4
12193,PPP5C
12194,PPP6C
12195,PPP6R1
12196,PPP6R2
12197,PPP6R3
12198,PPRC1
12199,PPT1
12200,PPT2
12201,PPTC7
12202,PPWD1
12203,PPY
12204,PQBP1
12205,PQLC1
12206,PQLC2
12207,PQLC3
12208,PRADC1
12209,PRAF2
12210,PRAM1
12211,PRAME
12212,PRAMEF1
12213,PRAMEF10
12214,PRAMEF11
12215,PRAMEF12
12216,PRAMEF13
12217,PRAMEF17
12218,PRAMEF18
12219,PRAMEF2
12220,PRAMEF20
12221,PRAMEF22
12222,PRAMEF4
12223,PRAMEF5
12224,PRAMEF6
12225,PRAMEF9
12226,PRAP1
12227,PRB1
12228,PRB2
12229,PRB3
12230,PRB4
12231,PRC1
12232,PRCC
12233,PRCD
12234,PRCP
12235,PRDM1
12236,PRDM10
12237,PRDM11
12238,PRDM12
12239,PRDM13
12240,PRDM14
12241,PRDM15
12242,PRDM16
12243,PRDM2
12244,PRDM4
12245,PRDM5
12246,PRDM6
12247,PRDM7
12248,PRDM8
12249,PRDM9
12250,PRDX1
12251,PRDX2
12252,PRDX3
12253,PRDX4
12254,PRDX5
12255,PRDX6
12256,PREB
12257,PRELID1
12258,PRELID2
12259,PRELP
12260,PREP
12261,PREPL
12262,PREX1
12263,PREX2
12264,PRF1
12265,PRG2
12266,PRG3
12267,PRG4
12268,PRH1
12269,PRH2
12270,PRICKLE1
12271,PRICKLE2
12272,PRICKLE3
12273,PRICKLE4
12274,PRIM1
12275,PRIM2
12276,PRIMA1
12277,PRKAA1
12278,PRKAA2
12279,PRKAB1
12280,PRKAB2
12281,PRKACA
12282,PRKACB
12283,PRKACG
12284,PRKAG1
12285,PRKAG2
12286,PRKAG3
12287,PRKAR1A
12288,PRKAR1B
12289,PRKAR2A
12290,PRKAR2B
12291,PRKCA
12292,PRKCB
12293,PRKCD
12294,PRKCDBP
12295,PRKCE
12296,PRKCG
12297,PRKCH
12298,PRKCI
12299,PRKCQ
12300,PRKCSH
12301,PRKCZ
12302,PRKD1
12303,PRKD2
12304,PRKD3
12305,PRKDC
12306,PRKG1
12307,PRKG2
12308,PRKRA
12309,PRKRIP1
12310,PRKRIR
12311,PRKX
12312,PRL
12313,PRLH
12314,PRLHR
12315,PRLR
12316,PRM1
12317,PRM2
12318,PRM3
12319,PRMT1
12320,PRMT2
12321,PRMT3
12322,PRMT5
12323,PRMT6
12324,PRMT7
12325,PRMT8
12326,PRND
12327,PRNP
12328,PROC
12329,PROCA1
12330,PROCR
12331,PRODH
12332,PRODH2
12333,PROK1
12334,PROK2
12335,PROKR1
12336,PROKR2
12337,PROL1
12338,PROM1
12339,PROM2
12340,PROP1
12341,PROS1
12342,PROSC
12343,PROSER1
12344,PROX1
12345,PROX2
12346,PROZ
12347,PRPF18
12348,PRPF19
12349,PRPF3
12350,PRPF31
12351,PRPF38A
12352,PRPF38B
12353,PRPF39
12354,PRPF4
12355,PRPF40A
12356,PRPF40B
12357,PRPF4B
12358,PRPF6
12359,PRPF8
12360,PRPH
12361,PRPH2
12362,PRPS1
12363,PRPS1L1
12364,PRPS2
12365,PRPSAP1
12366,PRPSAP2
12367,PRR11
12368,PRR12
12369,PRR13
12370,PRR14
12371,PRR14L
12372,PRR15
12373,PRR15L
12374,PRR16
12375,PRR18
12376,PRR19
12377,PRR20A
12378,PRR21
12379,PRR22
12380,PRR23A
12381,PRR23B
12382,PRR23C
12383,PRR24
12384,PRR25
12385,PRR3
12386,PRR4
12387,PRR5
12388,PRR5-ARHGAP8
12389,PRR5L
12390,PRR7
12391,PRR9
12392,PRRC1
12393,PRRC2A
12394,PRRC2B
12395,PRRC2C
12396,PRRG1
12397,PRRG2
12398,PRRG3
12399,PRRG4
12400,PRRT1
12401,PRRT2
12402,PRRT3
12403,PRRT4
12404,PRRX1
12405,PRRX2
12406,PRSS1
12407,PRSS12
12408,PRSS16
12409,PRSS21
12410,PRSS22
12411,PRSS23
12412,PRSS27
12413,PRSS3
12414,PRSS33
12415,PRSS35
12416,PRSS36
12417,PRSS37
12418,PRSS38
12419,PRSS41
12420,PRSS42
12421,PRSS45
12422,PRSS46
12423,PRSS48
12424,PRSS50
12425,PRSS53
12426,PRSS54
12427,PRSS55
12428,PRSS56
12429,PRSS57
12430,PRSS58
12431,PRSS8
12432,PRTFDC1
12433,PRTG
12434,PRTN3
12435,PRUNE
12436,PRUNE2
12437,PRX
12438,PRY
12439,PSAP
12440,PSAPL1
12441,PSAT1
12442,PSCA
12443,PSD
12444,PSD2
12445,PSD3
12446,PSD4
12447,PSEN1
12448,PSEN2
12449,PSENEN
12450,PSG1
12451,PSG11
12452,PSG2
12453,PSG3
12454,PSG4
12455,PSG5
12456,PSG6
12457,PSG7
12458,PSG8
12459,PSG9
12460,PSIP1
12461,PSKH1
12462,PSKH2
12463,PSMA1
12464,PSMA2
12465,PSMA3
12466,PSMA4
12467,PSMA5
12468,PSMA6
12469,PSMA7
12470,PSMA8
12471,PSMB1
12472,PSMB10
12473,PSMB11
12474,PSMB2
12475,PSMB3
12476,PSMB4
12477,PSMB5
12478,PSMB6
12479,PSMB7
12480,PSMB8
12481,PSMB9
12482,PSMC1
12483,PSMC2
12484,PSMC3
12485,PSMC3IP
12486,PSMC4
12487,PSMC5
12488,PSMC6
12489,PSMD1
12490,PSMD10
12491,PSMD11
12492,PSMD12
12493,PSMD13
12494,PSMD14
12495,PSMD2
12496,PSMD3
12497,PSMD4
12498,PSMD5
12499,PSMD6
12500,PSMD7
12501,PSMD8
12502,PSMD9
12503,PSME1
12504,PSME2
12505,PSME3
12506,PSME4
12507,PSMF1
12508,PSMG1
12509,PSMG2
12510,PSMG3
12511,PSMG4
12512,PSORS1C1
12513,PSORS1C2
12514,PSPC1
12515,PSPH
12516,PSPN
12517,PSRC1
12518,PSTK
12519,PSTPIP1
12520,PSTPIP2
12521,PTAFR
12522,PTAR1
12523,PTBP1
12524,PTBP2
12525,PTBP3
12526,PTCD1
12527,PTCD2
12528,PTCD3
12529,PTCH1
12530,PTCH2
12531,PTCHD1
12532,PTCHD2
12533,PTCHD3
12534,PTCRA
12535,PTDSS1
12536,PTDSS2
12537,PTEN
12538,PTER
12539,PTF1A
12540,PTGDR
12541,PTGDR2
12542,PTGDS
12543,PTGER1
12544,PTGER2
12545,PTGER3
12546,PTGER4
12547,PTGES
12548,PTGES2
12549,PTGES3
12550,PTGFR
12551,PTGFRN
12552,PTGIR
12553,PTGIS
12554,PTGR1
12555,PTGR2
12556,PTGS1
12557,PTGS2
12558,PTH
12559,PTH1R
12560,PTH2
12561,PTH2R
12562,PTHLH
12563,PTK2
12564,PTK2B
12565,PTK6
12566,PTK7
12567,PTMA
12568,PTMS
12569,PTN
12570,PTOV1
12571,PTP4A1
12572,PTP4A2
12573,PTP4A3
12574,PTPDC1
12575,PTPLA
12576,PTPLAD1
12577,PTPLAD2
12578,PTPLB
12579,PTPMT1
12580,PTPN1
12581,PTPN11
12582,PTPN12
12583,PTPN13
12584,PTPN14
12585,PTPN18
12586,PTPN2
12587,PTPN20A
12588,PTPN20B
12589,PTPN21
12590,PTPN22
12591,PTPN23
12592,PTPN3
12593,PTPN4
12594,PTPN5
12595,PTPN6
12596,PTPN7
12597,PTPN9
12598,PTPRA
12599,PTPRB
12600,PTPRC
12601,PTPRCAP
12602,PTPRD
12603,PTPRE
12604,PTPRF
12605,PTPRG
12606,PTPRH
12607,PTPRJ
12608,PTPRK
12609,PTPRM
12610,PTPRN
12611,PTPRN2
12612,PTPRO
12613,PTPRQ
12614,PTPRR
12615,PTPRS
12616,PTPRT
12617,PTPRU
12618,PTPRZ1
12619,PTRF
12620,PTRH1
12621,PTRH2
12622,PTRHD1
12623,PTS
12624,PTTG1
12625,PTTG1IP
12626,PTTG2
12627,PTX3
12628,PTX4
12629,PUF60
12630,PUM1
12631,PUM2
12632,PURA
12633,PURB
12634,PURG
12635,PUS1
12636,PUS10
12637,PUS3
12638,PUS7
12639,PUS7L
12640,PUSL1
12641,PVALB
12642,PVR
12643,PVRIG
12644,PVRL1
12645,PVRL2
12646,PVRL3
12647,PVRL4
12648,PWP1
12649,PWP2
12650,PWWP2A
12651,PWWP2B
12652,PXDC1
12653,PXDN
12654,PXDNL
12655,PXK
12656,PXMP2
12657,PXMP4
12658,PXN
12659,PXT1
12660,PYCARD
12661,PYCR1
12662,PYCR2
12663,PYCRL
12664,PYDC1
12665,PYDC2
12666,PYGB
12667,PYGL
12668,PYGM
12669,PYGO1
12670,PYGO2
12671,PYHIN1
12672,PYROXD1
12673,PYROXD2
12674,PYY
12675,PZP
12676,QARS
12677,QDPR
12678,QKI
12679,QPCT
12680,QPCTL
12681,QPRT
12682,QRFP
12683,QRFPR
12684,QRICH1
12685,QRICH2
12686,QRSL1
12687,QSER1
12688,QSOX1
12689,QSOX2
12690,QTRT1
12691,QTRTD1
12692,R3HCC1
12693,R3HDM1
12694,R3HDM2
12695,R3HDM4
12696,R3HDML
12697,RAB10
12698,RAB11A
12699,RAB11B
12700,RAB11FIP1
12701,RAB11FIP2
12702,RAB11FIP3
12703,RAB11FIP4
12704,RAB11FIP5
12705,RAB12
12706,RAB13
12707,RAB14
12708,RAB15
12709,RAB17
12710,RAB18
12711,RAB19
12712,RAB1A
12713,RAB1B
12714,RAB20
12715,RAB21
12716,RAB22A
12717,RAB23
12718,RAB24
12719,RAB25
12720,RAB26
12721,RAB27A
12722,RAB27B
12723,RAB28
12724,RAB2A
12725,RAB2B
12726,RAB30
12727,RAB31
12728,RAB32
12729,RAB33A
12730,RAB33B
12731,RAB34
12732,RAB35
12733,RAB36
12734,RAB37
12735,RAB38
12736,RAB39A
12737,RAB39B
12738,RAB3A
12739,RAB3B
12740,RAB3C
12741,RAB3D
12742,RAB3GAP1
12743,RAB3GAP2
12744,RAB3IL1
12745,RAB3IP
12746,RAB40A
12747,RAB40AL
12748,RAB40B
12749,RAB40C
12750,RAB41
12751,RAB42
12752,RAB43
12753,RAB4A
12754,RAB4B
12755,RAB5A
12756,RAB5B
12757,RAB5C
12758,RAB6A
12759,RAB6B
12760,RAB6C
12761,RAB7A
12762,RAB7L1
12763,RAB8A
12764,RAB8B
12765,RAB9A
12766,RAB9B
12767,RABAC1
12768,RABEP1
12769,RABEP2
12770,RABEPK
12771,RABGAP1
12772,RABGAP1L
12773,RABGEF1
12774,RABGGTA
12775,RABGGTB
12776,RABIF
12777,RABL2A
12778,RABL2B
12779,RABL3
12780,RAC1
12781,RAC2
12782,RAC3
12783,RACGAP1
12784,RAD1
12785,RAD17
12786,RAD18
12787,RAD21
12788,RAD21L1
12789,RAD23A
12790,RAD23B
12791,RAD50
12792,RAD51
12793,RAD51AP1
12794,RAD51AP2
12795,RAD51B
12796,RAD51C
12797,RAD51D
12798,RAD52
12799,RAD54B
12800,RAD54L
12801,RAD54L2
12802,RAD9A
12803,RAD9B
12804,RADIL
12805,RAE1
12806,RAET1E
12807,RAET1G
12808,RAET1L
12809,RAF1
12810,RAG1
12811,RAG2
12812,RAI1
12813,RAI14
12814,RAI2
12815,RALA
12816,RALB
12817,RALBP1
12818,RALGAPA1
12819,RALGAPA2
12820,RALGAPB
12821,RALGDS
12822,RALGPS1
12823,RALGPS2
12824,RALY
12825,RALYL
12826,RAMP1
12827,RAMP2
12828,RAMP3
12829,RAN
12830,RANBP1
12831,RANBP10
12832,RANBP17
12833,RANBP2
12834,RANBP3
12835,RANBP3L
12836,RANBP6
12837,RANBP9
12838,RANGAP1
12839,RANGRF
12840,RAP1A
12841,RAP1B
12842,RAP1GAP
12843,RAP1GAP2
12844,RAP1GDS1
12845,RAP2A
12846,RAP2B
12847,RAP2C
12848,RAPGEF1
12849,RAPGEF2
12850,RAPGEF3
12851,RAPGEF4
12852,RAPGEF5
12853,RAPGEF6
12854,RAPGEFL1
12855,RAPH1
12856,RAPSN
12857,RARA
12858,RARB
12859,RARG
12860,RARRES1
12861,RARRES2
12862,RARRES3
12863,RARS
12864,RARS2
12865,RASA1
12866,RASA2
12867,RASA3
12868,RASA4
12869,RASAL1
12870,RASAL2
12871,RASAL3
12872,RASD1
12873,RASD2
12874,RASEF
12875,RASGEF1A
12876,RASGEF1B
12877,RASGEF1C
12878,RASGRF1
12879,RASGRF2
12880,RASGRP1
12881,RASGRP2
12882,RASGRP3
12883,RASGRP4
12884,RASIP1
12885,RASL10A
12886,RASL10B
12887,RASL11A
12888,RASL11B
12889,RASL12
12890,RASSF1
12891,RASSF10
12892,RASSF2
12893,RASSF3
12894,RASSF4
12895,RASSF5
12896,RASSF6
12897,RASSF7
12898,RASSF8
12899,RASSF9
12900,RAVER1
12901,RAVER2
12902,RAX
12903,RAX2
12904,RB1
12905,RB1CC1
12906,RBAK
12907,RBBP4
12908,RBBP5
12909,RBBP6
12910,RBBP7
12911,RBBP8
12912,RBBP9
12913,RBCK1
12914,RBFA
12915,RBFOX1
12916,RBFOX2
12917,RBFOX3
12918,RBKS
12919,RBL1
12920,RBL2
12921,RBM10
12922,RBM11
12923,RBM12
12924,RBM12B
12925,RBM14
12926,RBM14-RBM4
12927,RBM15
12928,RBM15B
12929,RBM17
12930,RBM18
12931,RBM19
12932,RBM20
12933,RBM22
12934,RBM23
12935,RBM24
12936,RBM25
12937,RBM26
12938,RBM27
12939,RBM28
12940,RBM3
12941,RBM33
12942,RBM34
12943,RBM38
12944,RBM39
12945,RBM4
12946,RBM41
12947,RBM42
12948,RBM43
12949,RBM44
12950,RBM45
12951,RBM46
12952,RBM47
12953,RBM48
12954,RBM4B
12955,RBM5
12956,RBM6
12957,RBM7
12958,RBM8A
12959,RBMS1
12960,RBMS2
12961,RBMS3
12962,RBMX
12963,RBMX2
12964,RBMXL1
12965,RBMXL2
12966,RBMXL3
12967,RBMY1A1
12968,RBMY1B
12969,RBMY1D
12970,RBMY1E
12971,RBMY1F
12972,RBMY1J
12973,RBP1
12974,RBP2
12975,RBP3
12976,RBP4
12977,RBP5
12978,RBP7
12979,RBPJ
12980,RBPJL
12981,RBPMS
12982,RBPMS2
12983,RBX1
12984,RC3H1
12985,RC3H2
12986,RCAN1
12987,RCAN2
12988,RCAN3
12989,RCBTB1
12990,RCBTB2
12991,RCC1
12992,RCC2
12993,RCCD1
12994,RCE1
12995,RCHY1
12996,RCL1
12997,RCN1
12998,RCN2
12999,RCN3
13000,RCOR1
13001,RCOR2
13002,RCOR3
13003,RCSD1
13004,RCVRN
13005,RD3
13006,RDH10
13007,RDH11
13008,RDH12
13009,RDH13
13010,RDH14
13011,RDH16
13012,RDH5
13013,RDH8
13014,RDM1
13015,RDX
13016,REC8
13017,RECK
13018,RECQL
13019,RECQL4
13020,RECQL5
13021,REEP1
13022,REEP2
13023,REEP3
13024,REEP4
13025,REEP5
13026,REEP6
13027,REG1A
13028,REG1B
13029,REG3A
13030,REG3G
13031,REG4
13032,REL
13033,RELA
13034,RELB
13035,RELL1
13036,RELL2
13037,RELN
13038,RELT
13039,REM1
13040,REM2
13041,REN
13042,RENBP
13043,REP15
13044,REPIN1
13045,REPS1
13046,REPS2
13047,RER1
13048,RERE
13049,RERG
13050,RERGL
13051,RESP18
13052,REST
13053,RET
13054,RETN
13055,RETNLB
13056,RETSAT
13057,REV1
13058,REV3L
13059,REXO1
13060,REXO2
13061,REXO4
13062,RFC1
13063,RFC2
13064,RFC3
13065,RFC4
13066,RFC5
13067,RFESD
13068,RFFL
13069,RFK
13070,RFNG
13071,RFPL1
13072,RFPL2
13073,RFPL3
13074,RFPL4A
13075,RFPL4B
13076,RFT1
13077,RFTN1
13078,RFTN2
13079,RFWD2
13080,RFWD3
13081,RFX1
13082,RFX2
13083,RFX3
13084,RFX4
13085,RFX5
13086,RFX6
13087,RFX7
13088,RFX8
13089,RFXANK
13090,RFXAP
13091,RGAG1
13092,RGAG4
13093,RGL1
13094,RGL2
13095,RGL3
13096,RGL4
13097,RGMA
13098,RGMB
13099,RGN
13100,RGP1
13101,RGPD1
13102,RGPD2
13103,RGPD3
13104,RGPD4
13105,RGPD5
13106,RGPD6
13107,RGPD8
13108,RGR
13109,RGS1
13110,RGS10
13111,RGS11
13112,RGS12
13113,RGS13
13114,RGS14
13115,RGS16
13116,RGS17
13117,RGS18
13118,RGS19
13119,RGS2
13120,RGS20
13121,RGS21
13122,RGS22
13123,RGS3
13124,RGS4
13125,RGS5
13126,RGS6
13127,RGS7
13128,RGS7BP
13129,RGS8
13130,RGS9
13131,RGS9BP
13132,RGSL1
13133,RHAG
13134,RHBDD1
13135,RHBDD2
13136,RHBDD3
13137,RHBDF1
13138,RHBDF2
13139,RHBDL1
13140,RHBDL2
13141,RHBDL3
13142,RHBG
13143,RHCE
13144,RHCG
13145,RHD
13146,RHEB
13147,RHEBL1
13148,RHO
13149,RHOA
13150,RHOB
13151,RHOBTB1
13152,RHOBTB2
13153,RHOBTB3
13154,RHOC
13155,RHOD
13156,RHOF
13157,RHOG
13158,RHOH
13159,RHOJ
13160,RHOQ
13161,RHOT1
13162,RHOT2
13163,RHOU
13164,RHOV
13165,RHOXF1
13166,RHOXF2
13167,RHOXF2B
13168,RHPN1
13169,RHPN2
13170,RIBC1
13171,RIBC2
13172,RIC3
13173,RIC8A
13174,RIC8B
13175,RICTOR
13176,RIF1
13177,RIIAD1
13178,RILP
13179,RILPL1
13180,RILPL2
13181,RIMBP2
13182,RIMBP3
13183,RIMBP3B
13184,RIMBP3C
13185,RIMKLA
13186,RIMKLB
13187,RIMS1
13188,RIMS2
13189,RIMS3
13190,RIMS4
13191,RIN1
13192,RIN2
13193,RIN3
13194,RING1
13195,RINL
13196,RINT1
13197,RIOK1
13198,RIOK2
13199,RIOK3
13200,RIPK1
13201,RIPK2
13202,RIPK3
13203,RIPK4
13204,RIPPLY1
13205,RIPPLY2
13206,RIT1
13207,RIT2
13208,RLBP1
13209,RLF
13210,RLIM
13211,RLN1
13212,RLN2
13213,RLN3
13214,RLTPR
13215,RMI1
13216,RMI2
13217,RMND1
13218,RMND5A
13219,RMND5B
13220,RNASE1
13221,RNASE10
13222,RNASE11
13223,RNASE12
13224,RNASE13
13225,RNASE2
13226,RNASE3
13227,RNASE4
13228,RNASE6
13229,RNASE7
13230,RNASE8
13231,RNASE9
13232,RNASEH1
13233,RNASEH2A
13234,RNASEH2B
13235,RNASEH2C
13236,RNASEK
13237,RNASEL
13238,RNASET2
13239,RND1
13240,RND2
13241,RND3
13242,RNF10
13243,RNF103
13244,RNF103-CHMP3
13245,RNF11
13246,RNF111
13247,RNF112
13248,RNF113A
13249,RNF113B
13250,RNF114
13251,RNF115
13252,RNF121
13253,RNF122
13254,RNF123
13255,RNF125
13256,RNF126
13257,RNF128
13258,RNF13
13259,RNF130
13260,RNF133
13261,RNF135
13262,RNF138
13263,RNF139
13264,RNF14
13265,RNF141
13266,RNF144A
13267,RNF144B
13268,RNF145
13269,RNF146
13270,RNF148
13271,RNF149
13272,RNF150
13273,RNF151
13274,RNF152
13275,RNF157
13276,RNF165
13277,RNF166
13278,RNF167
13279,RNF168
13280,RNF169
13281,RNF17
13282,RNF170
13283,RNF175
13284,RNF180
13285,RNF181
13286,RNF182
13287,RNF183
13288,RNF185
13289,RNF186
13290,RNF187
13291,RNF19A
13292,RNF19B
13293,RNF2
13294,RNF20
13295,RNF207
13296,RNF208
13297,RNF212
13298,RNF213
13299,RNF214
13300,RNF215
13301,RNF216
13302,RNF217
13303,RNF219
13304,RNF220
13305,RNF222
13306,RNF223
13307,RNF224
13308,RNF24
13309,RNF25
13310,RNF26
13311,RNF31
13312,RNF32
13313,RNF34
13314,RNF38
13315,RNF39
13316,RNF4
13317,RNF40
13318,RNF41
13319,RNF43
13320,RNF44
13321,RNF5
13322,RNF6
13323,RNF7
13324,RNF8
13325,RNFT1
13326,RNFT2
13327,RNGTT
13328,RNH1
13329,RNLS
13330,RNMT
13331,RNMTL1
13332,RNPC3
13333,RNPEP
13334,RNPEPL1
13335,RNPS1
13336,ROBO1
13337,ROBO2
13338,ROBO3
13339,ROBO4
13340,ROCK1
13341,ROCK2
13342,ROGDI
13343,ROM1
13344,ROMO1
13345,ROPN1
13346,ROPN1B
13347,ROPN1L
13348,ROR1
13349,ROR2
13350,RORA
13351,RORB
13352,RORC
13353,ROS1
13354,RP1
13355,RP1L1
13356,RP2
13357,RP9
13358,RPA1
13359,RPA2
13360,RPA3
13361,RPA4
13362,RPAIN
13363,RPAP1
13364,RPAP2
13365,RPAP3
13366,RPE
13367,RPE65
13368,RPF1
13369,RPF2
13370,RPGR
13371,RPGRIP1
13372,RPGRIP1L
13373,RPH3A
13374,RPH3AL
13375,RPIA
13376,RPL10
13377,RPL10A
13378,RPL10L
13379,RPL11
13380,RPL12
13381,RPL13
13382,RPL13A
13383,RPL14
13384,RPL15
13385,RPL17
13386,RPL18
13387,RPL18A
13388,RPL19
13389,RPL21
13390,RPL22
13391,RPL22L1
13392,RPL23
13393,RPL23A
13394,RPL24
13395,RPL26
13396,RPL26L1
13397,RPL27
13398,RPL27A
13399,RPL28
13400,RPL29
13401,RPL3
13402,RPL30
13403,RPL31
13404,RPL32
13405,RPL34
13406,RPL35
13407,RPL35A
13408,RPL36
13409,RPL36A
13410,RPL36A-HNRNPH2
13411,RPL36AL
13412,RPL37
13413,RPL37A
13414,RPL38
13415,RPL39
13416,RPL39L
13417,RPL3L
13418,RPL4
13419,RPL41
13420,RPL5
13421,RPL6
13422,RPL7
13423,RPL7A
13424,RPL7L1
13425,RPL8
13426,RPL9
13427,RPLP0
13428,RPLP1
13429,RPLP2
13430,RPN1
13431,RPN2
13432,RPP14
13433,RPP21
13434,RPP25
13435,RPP30
13436,RPP38
13437,RPP40
13438,RPRD1A
13439,RPRD1B
13440,RPRD2
13441,RPRM
13442,RPRML
13443,RPS10
13444,RPS10-NUDT3
13445,RPS11
13446,RPS12
13447,RPS13
13448,RPS14
13449,RPS15
13450,RPS15A
13451,RPS16
13452,RPS17L
13453,RPS18
13454,RPS19
13455,RPS19BP1
13456,RPS2
13457,RPS20
13458,RPS21
13459,RPS23
13460,RPS24
13461,RPS25
13462,RPS26
13463,RPS27
13464,RPS27A
13465,RPS27L
13466,RPS28
13467,RPS29
13468,RPS3
13469,RPS3A
13470,RPS4X
13471,RPS4Y1
13472,RPS4Y2
13473,RPS5
13474,RPS6
13475,RPS6KA1
13476,RPS6KA2
13477,RPS6KA3
13478,RPS6KA4
13479,RPS6KA5
13480,RPS6KA6
13481,RPS6KB1
13482,RPS6KB2
13483,RPS6KC1
13484,RPS6KL1
13485,RPS7
13486,RPS8
13487,RPS9
13488,RPSA
13489,RPTN
13490,RPTOR
13491,RPUSD1
13492,RPUSD2
13493,RPUSD3
13494,RPUSD4
13495,RQCD1
13496,RRAD
13497,RRAGA
13498,RRAGB
13499,RRAGC
13500,RRAGD
13501,RRAS
13502,RRAS2
13503,RRBP1
13504,RREB1
13505,RRH
13506,RRM1
13507,RRM2
13508,RRM2B
13509,RRN3
13510,RRNAD1
13511,RRP1
13512,RRP12
13513,RRP15
13514,RRP1B
13515,RRP36
13516,RRP7A
13517,RRP8
13518,RRP9
13519,RRS1
13520,RS1
13521,RSAD1
13522,RSAD2
13523,RSBN1
13524,RSBN1L
13525,RSC1A1
13526,RSF1
13527,RSG1
13528,RSL1D1
13529,RSL24D1
13530,RSPH1
13531,RSPH10B
13532,RSPH10B2
13533,RSPH3
13534,RSPH4A
13535,RSPH6A
13536,RSPH9
13537,RSPO1
13538,RSPO2
13539,RSPO3
13540,RSPO4
13541,RSPRY1
13542,RSRC1
13543,RSRC2
13544,RSU1
13545,RTBDN
13546,RTDR1
13547,RTEL1
13548,RTF1
13549,RTKN
13550,RTKN2
13551,RTL1
13552,RTN1
13553,RTN2
13554,RTN3
13555,RTN4
13556,RTN4IP1
13557,RTN4R
13558,RTN4RL1
13559,RTN4RL2
13560,RTP1
13561,RTP2
13562,RTP3
13563,RTP4
13564,RTTN
13565,RUFY1
13566,RUFY2
13567,RUFY3
13568,RUFY4
13569,RUNDC1
13570,RUNDC3A
13571,RUNDC3B
13572,RUNX1
13573,RUNX1T1
13574,RUNX2
13575,RUNX3
13576,RUSC1
13577,RUSC1-AS1
13578,RUSC2
13579,RUVBL1
13580,RUVBL2
13581,RWDD1
13582,RWDD2A
13583,RWDD2B
13584,RWDD3
13585,RWDD4
13586,RXFP1
13587,RXFP2
13588,RXFP3
13589,RXFP4
13590,RXRA
13591,RXRB
13592,RXRG
13593,RYBP
13594,RYK
13595,RYR1
13596,RYR2
13597,RYR3
13598,S100A1
13599,S100A10
13600,S100A11
13601,S100A12
13602,S100A13
13603,S100A14
13604,S100A16
13605,S100A2
13606,S100A3
13607,S100A4
13608,S100A5
13609,S100A6
13610,S100A7
13611,S100A7A
13612,S100A7L2
13613,S100A8
13614,S100A9
13615,S100B
13616,S100G
13617,S100P
13618,S100PBP
13619,S100Z
13620,S1PR1
13621,S1PR2
13622,S1PR3
13623,S1PR4
13624,S1PR5
13625,SAA1
13626,SAA2
13627,SAA2-SAA4
13628,SAA4
13629,SAAL1
13630,SAC3D1
13631,SACM1L
13632,SACS
13633,SAE1
13634,SAFB
13635,SAFB2
13636,SAG
13637,SAGE1
13638,SALL1
13639,SALL2
13640,SALL3
13641,SALL4
13642,SAMD1
13643,SAMD10
13644,SAMD11
13645,SAMD12
13646,SAMD13
13647,SAMD14
13648,SAMD15
13649,SAMD3
13650,SAMD4A
13651,SAMD4B
13652,SAMD5
13653,SAMD7
13654,SAMD8
13655,SAMD9
13656,SAMD9L
13657,SAMHD1
13658,SAMM50
13659,SAMSN1
13660,SAP130
13661,SAP18
13662,SAP25
13663,SAP30
13664,SAP30BP
13665,SAP30L
13666,SAR1A
13667,SAR1B
13668,SARDH
13669,SARM1
13670,SARNP
13671,SARS
13672,SARS2
13673,SART1
13674,SART3
13675,SASH1
13676,SASH3
13677,SASS6
13678,SAT1
13679,SAT2
13680,SATB1
13681,SATB2
13682,SATL1
13683,SAV1
13684,SAYSD1
13685,SBDS
13686,SBF1
13687,SBF2
13688,SBK1
13689,SBK2
13690,SBNO1
13691,SBNO2
13692,SBSN
13693,SCAF1
13694,SCAF11
13695,SCAF4
13696,SCAF8
13697,SCAI
13698,SCAMP1
13699,SCAMP2
13700,SCAMP3
13701,SCAMP4
13702,SCAMP5
13703,SCAND1
13704,SCAND3
13705,SCAP
13706,SCAPER
13707,SCARA3
13708,SCARA5
13709,SCARB1
13710,SCARB2
13711,SCARF1
13712,SCARF2
13713,SCCPDH
13714,SCD
13715,SCD5
13716,SCEL
13717,SCFD1
13718,SCFD2
13719,SCG2
13720,SCG3
13721,SCG5
13722,SCGB1A1
13723,SCGB1C1
13724,SCGB1D1
13725,SCGB1D2
13726,SCGB1D4
13727,SCGB2A1
13728,SCGB2A2
13729,SCGB2B2
13730,SCGB3A1
13731,SCGB3A2
13732,SCGN
13733,SCHIP1
13734,SCIMP
13735,SCIN
13736,SCLT1
13737,SCLY
13738,SCMH1
13739,SCML1
13740,SCML2
13741,SCML4
13742,SCN10A
13743,SCN11A
13744,SCN1A
13745,SCN1B
13746,SCN2A
13747,SCN2B
13748,SCN3A
13749,SCN3B
13750,SCN4A
13751,SCN4B
13752,SCN5A
13753,SCN7A
13754,SCN8A
13755,SCN9A
13756,SCNM1
13757,SCNN1A
13758,SCNN1B
13759,SCNN1D
13760,SCNN1G
13761,SCO1
13762,SCO2
13763,SCOC
13764,SCP2
13765,SCPEP1
13766,SCRG1
13767,SCRIB
13768,SCRN1
13769,SCRN2
13770,SCRN3
13771,SCRT1
13772,SCRT2
13773,SCT
13774,SCTR
13775,SCUBE1
13776,SCUBE2
13777,SCUBE3
13778,SCYL1
13779,SCYL2
13780,SCYL3
13781,SDAD1
13782,SDC1
13783,SDC2
13784,SDC3
13785,SDC4
13786,SDCBP
13787,SDCBP2
13788,SDCCAG3
13789,SDCCAG8
13790,SDF2
13791,SDF2L1
13792,SDF4
13793,SDHA
13794,SDHAF1
13795,SDHAF2
13796,SDHB
13797,SDHC
13798,SDHD
13799,SDK1
13800,SDK2
13801,SDPR
13802,SDR16C5
13803,SDR39U1
13804,SDR42E1
13805,SDR9C7
13806,SDS
13807,SDSL
13808,SEBOX
13809,SEC11A
13810,SEC11C
13811,SEC13
13812,SEC14L1
13813,SEC14L2
13814,SEC14L3
13815,SEC14L4
13816,SEC14L5
13817,SEC14L6
13818,SEC16A
13819,SEC16B
13820,SEC22A
13821,SEC22B
13822,SEC22C
13823,SEC23A
13824,SEC23B
13825,SEC23IP
13826,SEC24A
13827,SEC24B
13828,SEC24C
13829,SEC24D
13830,SEC31A
13831,SEC31B
13832,SEC61A1
13833,SEC61A2
13834,SEC61B
13835,SEC61G
13836,SEC62
13837,SEC63
13838,SECISBP2
13839,SECISBP2L
13840,SECTM1
13841,SEH1L
13842,SEL1L
13843,SEL1L2
13844,SEL1L3
13845,SELE
13846,SELENBP1
13847,SELK
13848,SELL
13849,SELM
13850,SELO
13851,SELP
13852,SELPLG
13853,SELT
13854,SELV
13855,SEMA3A
13856,SEMA3B
13857,SEMA3C
13858,SEMA3D
13859,SEMA3E
13860,SEMA3F
13861,SEMA3G
13862,SEMA4A
13863,SEMA4B
13864,SEMA4C
13865,SEMA4D
13866,SEMA4F
13867,SEMA4G
13868,SEMA5A
13869,SEMA5B
13870,SEMA6A
13871,SEMA6B
13872,SEMA6C
13873,SEMA6D
13874,SEMA7A
13875,SEMG1
13876,SEMG2
13877,SENP1
13878,SENP2
13879,SENP3
13880,SENP5
13881,SENP6
13882,SENP7
13883,SENP8
13884,SEP15
13885,SEPHS1
13886,SEPHS2
13887,SEPN1
13888,SEPP1
13889,SEPSECS
13890,SEPT1
13891,SEPT10
13892,SEPT11
13893,SEPT12
13894,SEPT14
13895,SEPT2
13896,SEPT3
13897,SEPT4
13898,SEPT5
13899,SEPT6
13900,SEPT7
13901,SEPT8
13902,SEPT9
13903,SEPW1
13904,SERAC1
13905,SERBP1
13906,SERF1B
13907,SERF2
13908,SERGEF
13909,SERHL2
13910,SERINC1
13911,SERINC2
13912,SERINC3
13913,SERINC4
13914,SERINC5
13915,SERP1
13916,SERP2
13917,SERPINA1
13918,SERPINA10
13919,SERPINA11
13920,SERPINA12
13921,SERPINA3
13922,SERPINA4
13923,SERPINA5
13924,SERPINA6
13925,SERPINA7
13926,SERPINA9
13927,SERPINB1
13928,SERPINB10
13929,SERPINB11
13930,SERPINB12
13931,SERPINB13
13932,SERPINB2
13933,SERPINB3
13934,SERPINB4
13935,SERPINB5
13936,SERPINB6
13937,SERPINB7
13938,SERPINB8
13939,SERPINB9
13940,SERPINC1
13941,SERPIND1
13942,SERPINE1
13943,SERPINE2
13944,SERPINE3
13945,SERPINF1
13946,SERPINF2
13947,SERPING1
13948,SERPINH1
13949,SERPINI1
13950,SERPINI2
13951,SERTAD1
13952,SERTAD2
13953,SERTAD3
13954,SERTAD4
13955,SERTM1
13956,SESN1
13957,SESN2
13958,SESN3
13959,SESTD1
13960,SET
13961,SETBP1
13962,SETD1A
13963,SETD1B
13964,SETD2
13965,SETD3
13966,SETD4
13967,SETD5
13968,SETD6
13969,SETD7
13970,SETD8
13971,SETDB1
13972,SETDB2
13973,SETMAR
13974,SETX
13975,SEZ6
13976,SEZ6L
13977,SEZ6L2
13978,SF1
13979,SF3A1
13980,SF3A2
13981,SF3A3
13982,SF3B1
13983,SF3B2
13984,SF3B3
13985,SF3B4
13986,SF3B5
13987,SFI1
13988,SFMBT1
13989,SFMBT2
13990,SFN
13991,SFPQ
13992,SFR1
13993,SFRP1
13994,SFRP2
13995,SFRP4
13996,SFRP5
13997,SFSWAP
13998,SFT2D1
13999,SFT2D2
14000,SFT2D3
14001,SFTA2
14002,SFTA3
14003,SFTPA1
14004,SFTPA2
14005,SFTPB
14006,SFTPC
14007,SFTPD
14008,SFXN1
14009,SFXN2
14010,SFXN3
14011,SFXN4
14012,SFXN5
14013,SGCA
14014,SGCB
14015,SGCD
14016,SGCE
14017,SGCG
14018,SGCZ
14019,SGIP1
14020,SGK1
14021,SGK2
14022,SGK223
14023,SGK3
14024,SGK494
14025,SGMS1
14026,SGMS2
14027,SGOL1
14028,SGOL2
14029,SGPL1
14030,SGPP1
14031,SGPP2
14032,SGSH
14033,SGSM1
14034,SGSM2
14035,SGSM3
14036,SGTA
14037,SGTB
14038,SH2B1
14039,SH2B2
14040,SH2B3
14041,SH2D1A
14042,SH2D1B
14043,SH2D2A
14044,SH2D3A
14045,SH2D3C
14046,SH2D4A
14047,SH2D4B
14048,SH2D5
14049,SH2D6
14050,SH2D7
14051,SH3BGR
14052,SH3BGRL
14053,SH3BGRL2
14054,SH3BGRL3
14055,SH3BP1
14056,SH3BP2
14057,SH3BP4
14058,SH3BP5
14059,SH3BP5L
14060,SH3D19
14061,SH3D21
14062,SH3GL1
14063,SH3GL2
14064,SH3GL3
14065,SH3GLB1
14066,SH3GLB2
14067,SH3KBP1
14068,SH3PXD2A
14069,SH3PXD2B
14070,SH3RF1
14071,SH3RF2
14072,SH3RF3
14073,SH3TC1
14074,SH3TC2
14075,SH3YL1
14076,SHANK1
14077,SHANK2
14078,SHANK3
14079,SHARPIN
14080,SHB
14081,SHBG
14082,SHC1
14083,SHC2
14084,SHC3
14085,SHC4
14086,SHCBP1
14087,SHCBP1L
14088,SHD
14089,SHE
14090,SHF
14091,SHFM1
14092,SHH
14093,SHISA2
14094,SHISA3
14095,SHISA4
14096,SHISA5
14097,SHISA6
14098,SHISA7
14099,SHISA8
14100,SHISA9
14101,SHKBP1
14102,SHMT1
14103,SHMT2
14104,SHOC2
14105,SHOX
14106,SHOX2
14107,SHPK
14108,SHPRH
14109,SHQ1
14110,SHROOM1
14111,SHROOM2
14112,SHROOM3
14113,SHROOM4
14114,SI
14115,SIAE
14116,SIAH1
14117,SIAH2
14118,SIAH3
14119,SIDT1
14120,SIDT2
14121,SIGIRR
14122,SIGLEC1
14123,SIGLEC10
14124,SIGLEC11
14125,SIGLEC12
14126,SIGLEC14
14127,SIGLEC15
14128,SIGLEC5
14129,SIGLEC6
14130,SIGLEC7
14131,SIGLEC8
14132,SIGLEC9
14133,SIGMAR1
14134,SIK1
14135,SIK2
14136,SIK3
14137,SIKE1
14138,SIL1
14139,SIM1
14140,SIM2
14141,SIN3A
14142,SIN3B
14143,SIPA1
14144,SIPA1L1
14145,SIPA1L2
14146,SIPA1L3
14147,SIRPA
14148,SIRPB1
14149,SIRPB2
14150,SIRPD
14151,SIRPG
14152,SIRT1
14153,SIRT2
14154,SIRT3
14155,SIRT4
14156,SIRT5
14157,SIRT6
14158,SIRT7
14159,SIT1
14160,SIVA1
14161,SIX1
14162,SIX2
14163,SIX3
14164,SIX4
14165,SIX5
14166,SIX6
14167,SKA1
14168,SKA2
14169,SKA3
14170,SKAP1
14171,SKAP2
14172,SKI
14173,SKIL
14174,SKIV2L
14175,SKIV2L2
14176,SKOR1
14177,SKP1
14178,SKP2
14179,SLA
14180,SLA2
14181,SLAIN1
14182,SLAIN2
14183,SLAMF1
14184,SLAMF6
14185,SLAMF7
14186,SLAMF8
14187,SLAMF9
14188,SLBP
14189,SLC10A1
14190,SLC10A2
14191,SLC10A3
14192,SLC10A4
14193,SLC10A5
14194,SLC10A6
14195,SLC10A7
14196,SLC11A1
14197,SLC11A2
14198,SLC12A1
14199,SLC12A2
14200,SLC12A3
14201,SLC12A4
14202,SLC12A5
14203,SLC12A6
14204,SLC12A7
14205,SLC12A8
14206,SLC12A9
14207,SLC13A1
14208,SLC13A2
14209,SLC13A3
14210,SLC13A4
14211,SLC13A5
14212,SLC14A1
14213,SLC14A2
14214,SLC15A1
14215,SLC15A2
14216,SLC15A3
14217,SLC15A4
14218,SLC15A5
14219,SLC16A1
14220,SLC16A10
14221,SLC16A11
14222,SLC16A12
14223,SLC16A13
14224,SLC16A14
14225,SLC16A2
14226,SLC16A3
14227,SLC16A4
14228,SLC16A5
14229,SLC16A6
14230,SLC16A7
14231,SLC16A8
14232,SLC16A9
14233,SLC17A1
14234,SLC17A2
14235,SLC17A3
14236,SLC17A4
14237,SLC17A5
14238,SLC17A6
14239,SLC17A7
14240,SLC17A8
14241,SLC17A9
14242,SLC18A1
14243,SLC18A2
14244,SLC18A3
14245,SLC19A1
14246,SLC19A2
14247,SLC19A3
14248,SLC1A1
14249,SLC1A2
14250,SLC1A3
14251,SLC1A4
14252,SLC1A5
14253,SLC1A6
14254,SLC1A7
14255,SLC20A1
14256,SLC20A2
14257,SLC22A1
14258,SLC22A10
14259,SLC22A11
14260,SLC22A12
14261,SLC22A13
14262,SLC22A14
14263,SLC22A15
14264,SLC22A16
14265,SLC22A17
14266,SLC22A18
14267,SLC22A18AS
14268,SLC22A2
14269,SLC22A20
14270,SLC22A23
14271,SLC22A24
14272,SLC22A25
14273,SLC22A3
14274,SLC22A31
14275,SLC22A4
14276,SLC22A5
14277,SLC22A6
14278,SLC22A7
14279,SLC22A8
14280,SLC22A9
14281,SLC23A1
14282,SLC23A2
14283,SLC23A3
14284,SLC24A1
14285,SLC24A2
14286,SLC24A3
14287,SLC24A4
14288,SLC24A5
14289,SLC25A1
14290,SLC25A10
14291,SLC25A11
14292,SLC25A12
14293,SLC25A13
14294,SLC25A14
14295,SLC25A15
14296,SLC25A16
14297,SLC25A17
14298,SLC25A18
14299,SLC25A19
14300,SLC25A2
14301,SLC25A20
14302,SLC25A21
14303,SLC25A22
14304,SLC25A23
14305,SLC25A24
14306,SLC25A25
14307,SLC25A26
14308,SLC25A27
14309,SLC25A28
14310,SLC25A29
14311,SLC25A3
14312,SLC25A30
14313,SLC25A31
14314,SLC25A32
14315,SLC25A33
14316,SLC25A34
14317,SLC25A35
14318,SLC25A36
14319,SLC25A37
14320,SLC25A38
14321,SLC25A39
14322,SLC25A4
14323,SLC25A40
14324,SLC25A41
14325,SLC25A42
14326,SLC25A43
14327,SLC25A44
14328,SLC25A45
14329,SLC25A46
14330,SLC25A47
14331,SLC25A48
14332,SLC25A5
14333,SLC25A6
14334,SLC26A1
14335,SLC26A10
14336,SLC26A11
14337,SLC26A2
14338,SLC26A3
14339,SLC26A4
14340,SLC26A5
14341,SLC26A6
14342,SLC26A7
14343,SLC26A8
14344,SLC26A9
14345,SLC27A1
14346,SLC27A2
14347,SLC27A3
14348,SLC27A4
14349,SLC27A5
14350,SLC27A6
14351,SLC28A1
14352,SLC28A2
14353,SLC28A3
14354,SLC29A1
14355,SLC29A2
14356,SLC29A3
14357,SLC29A4
14358,SLC2A1
14359,SLC2A10
14360,SLC2A11
14361,SLC2A12
14362,SLC2A13
14363,SLC2A14
14364,SLC2A2
14365,SLC2A3
14366,SLC2A4
14367,SLC2A4RG
14368,SLC2A5
14369,SLC2A6
14370,SLC2A7
14371,SLC2A8
14372,SLC2A9
14373,SLC30A1
14374,SLC30A10
14375,SLC30A2
14376,SLC30A3
14377,SLC30A4
14378,SLC30A5
14379,SLC30A6
14380,SLC30A7
14381,SLC30A8
14382,SLC30A9
14383,SLC31A1
14384,SLC31A2
14385,SLC32A1
14386,SLC33A1
14387,SLC34A1
14388,SLC34A2
14389,SLC34A3
14390,SLC35A1
14391,SLC35A2
14392,SLC35A3
14393,SLC35A4
14394,SLC35A5
14395,SLC35B1
14396,SLC35B2
14397,SLC35B3
14398,SLC35B4
14399,SLC35C1
14400,SLC35C2
14401,SLC35D1
14402,SLC35D2
14403,SLC35D3
14404,SLC35E1
14405,SLC35E2
14406,SLC35E2B
14407,SLC35E3
14408,SLC35E4
14409,SLC35F1
14410,SLC35F2
14411,SLC35F3
14412,SLC35F4
14413,SLC35F5
14414,SLC35G1
14415,SLC35G3
14416,SLC35G5
14417,SLC35G6
14418,SLC36A1
14419,SLC36A2
14420,SLC36A3
14421,SLC36A4
14422,SLC37A1
14423,SLC37A2
14424,SLC37A3
14425,SLC37A4
14426,SLC38A1
14427,SLC38A10
14428,SLC38A11
14429,SLC38A2
14430,SLC38A3
14431,SLC38A4
14432,SLC38A5
14433,SLC38A6
14434,SLC38A7
14435,SLC38A8
14436,SLC38A9
14437,SLC39A1
14438,SLC39A10
14439,SLC39A11
14440,SLC39A12
14441,SLC39A13
14442,SLC39A14
14443,SLC39A2
14444,SLC39A3
14445,SLC39A4
14446,SLC39A5
14447,SLC39A6
14448,SLC39A7
14449,SLC39A8
14450,SLC39A9
14451,SLC3A1
14452,SLC3A2
14453,SLC40A1
14454,SLC41A1
14455,SLC41A2
14456,SLC41A3
14457,SLC43A1
14458,SLC43A2
14459,SLC43A3
14460,SLC44A1
14461,SLC44A2
14462,SLC44A3
14463,SLC44A4
14464,SLC44A5
14465,SLC45A1
14466,SLC45A2
14467,SLC45A3
14468,SLC45A4
14469,SLC46A1
14470,SLC46A2
14471,SLC46A3
14472,SLC47A1
14473,SLC47A2
14474,SLC48A1
14475,SLC4A1
14476,SLC4A10
14477,SLC4A11
14478,SLC4A1AP
14479,SLC4A2
14480,SLC4A3
14481,SLC4A4
14482,SLC4A5
14483,SLC4A7
14484,SLC4A8
14485,SLC4A9
14486,SLC50A1
14487,SLC5A1
14488,SLC5A10
14489,SLC5A11
14490,SLC5A12
14491,SLC5A2
14492,SLC5A3
14493,SLC5A4
14494,SLC5A5
14495,SLC5A6
14496,SLC5A7
14497,SLC5A8
14498,SLC5A9
14499,SLC6A1
14500,SLC6A11
14501,SLC6A12
14502,SLC6A13
14503,SLC6A14
14504,SLC6A15
14505,SLC6A16
14506,SLC6A17
14507,SLC6A18
14508,SLC6A19
14509,SLC6A2
14510,SLC6A20
14511,SLC6A3
14512,SLC6A4
14513,SLC6A5
14514,SLC6A6
14515,SLC6A7
14516,SLC6A8
14517,SLC6A9
14518,SLC7A1
14519,SLC7A10
14520,SLC7A11
14521,SLC7A13
14522,SLC7A14
14523,SLC7A2
14524,SLC7A3
14525,SLC7A4
14526,SLC7A5
14527,SLC7A6
14528,SLC7A6OS
14529,SLC7A7
14530,SLC7A8
14531,SLC7A9
14532,SLC8A1
14533,SLC8A2
14534,SLC8A3
14535,SLC9A1
14536,SLC9A2
14537,SLC9A3
14538,SLC9A3R1
14539,SLC9A3R2
14540,SLC9A4
14541,SLC9A5
14542,SLC9A6
14543,SLC9A7
14544,SLC9A8
14545,SLC9A9
14546,SLC9B1
14547,SLC9B2
14548,SLCO1A2
14549,SLCO1B1
14550,SLCO1B3
14551,SLCO1B7
14552,SLCO1C1
14553,SLCO2A1
14554,SLCO2B1
14555,SLCO3A1
14556,SLCO4A1
14557,SLCO4C1
14558,SLCO5A1
14559,SLCO6A1
14560,SLFN11
14561,SLFN12
14562,SLFN12L
14563,SLFN13
14564,SLFN14
14565,SLFN5
14566,SLFNL1
14567,SLIRP
14568,SLIT1
14569,SLIT2
14570,SLIT3
14571,SLITRK1
14572,SLITRK2
14573,SLITRK3
14574,SLITRK4
14575,SLITRK5
14576,SLITRK6
14577,SLK
14578,SLMAP
14579,SLMO1
14580,SLMO2
14581,SLN
14582,SLPI
14583,SLTM
14584,SLU7
14585,SLURP1
14586,SLX1B
14587,SLX4
14588,SMAD1
14589,SMAD2
14590,SMAD3
14591,SMAD4
14592,SMAD5
14593,SMAD6
14594,SMAD7
14595,SMAD9
14596,SMAGP
14597,SMAP1
14598,SMAP2
14599,SMARCA1
14600,SMARCA2
14601,SMARCA4
14602,SMARCA5
14603,SMARCAD1
14604,SMARCAL1
14605,SMARCB1
14606,SMARCC1
14607,SMARCC2
14608,SMARCD1
14609,SMARCD2
14610,SMARCD3
14611,SMARCE1
14612,SMC1A
14613,SMC1B
14614,SMC2
14615,SMC3
14616,SMC4
14617,SMC5
14618,SMC6
14619,SMCHD1
14620,SMCP
14621,SMCR8
14622,SMCR9
14623,SMEK1
14624,SMEK2
14625,SMG1
14626,SMG5
14627,SMG6
14628,SMG7
14629,SMG8
14630,SMG9
14631,SMN2
14632,SMNDC1
14633,SMO
14634,SMOC1
14635,SMOC2
14636,SMOX
14637,SMPD1
14638,SMPD2
14639,SMPD3
14640,SMPD4
14641,SMPDL3A
14642,SMPDL3B
14643,SMPX
14644,SMR3A
14645,SMR3B
14646,SMS
14647,SMTN
14648,SMTNL1
14649,SMTNL2
14650,SMU1
14651,SMUG1
14652,SMURF1
14653,SMURF2
14654,SMYD1
14655,SMYD2
14656,SMYD3
14657,SMYD4
14658,SMYD5
14659,SNAI1
14660,SNAI2
14661,SNAI3
14662,SNAP23
14663,SNAP25
14664,SNAP29
14665,SNAP47
14666,SNAP91
14667,SNAPC1
14668,SNAPC2
14669,SNAPC3
14670,SNAPC4
14671,SNAPC5
14672,SNAPIN
14673,SNCA
14674,SNCAIP
14675,SNCB
14676,SNCG
14677,SND1
14678,SNED1
14679,SNF8
14680,SNIP1
14681,SNN
14682,SNPH
14683,SNRK
14684,SNRNP200
14685,SNRNP25
14686,SNRNP27
14687,SNRNP35
14688,SNRNP40
14689,SNRNP48
14690,SNRNP70
14691,SNRPA
14692,SNRPA1
14693,SNRPB
14694,SNRPB2
14695,SNRPC
14696,SNRPD1
14697,SNRPD2
14698,SNRPD3
14699,SNRPE
14700,SNRPF
14701,SNRPG
14702,SNRPN
14703,SNTA1
14704,SNTB1
14705,SNTB2
14706,SNTG1
14707,SNTG2
14708,SNTN
14709,SNUPN
14710,SNURF
14711,SNW1
14712,SNX1
14713,SNX10
14714,SNX11
14715,SNX12
14716,SNX13
14717,SNX14
14718,SNX15
14719,SNX16
14720,SNX17
14721,SNX18
14722,SNX19
14723,SNX2
14724,SNX20
14725,SNX21
14726,SNX22
14727,SNX24
14728,SNX25
14729,SNX27
14730,SNX29
14731,SNX3
14732,SNX30
14733,SNX31
14734,SNX32
14735,SNX33
14736,SNX4
14737,SNX5
14738,SNX6
14739,SNX7
14740,SNX8
14741,SNX9
14742,SOAT1
14743,SOAT2
14744,SOBP
14745,SOCS1
14746,SOCS2
14747,SOCS3
14748,SOCS4
14749,SOCS5
14750,SOCS6
14751,SOCS7
14752,SOD1
14753,SOD2
14754,SOD3
14755,SOHLH1
14756,SOHLH2
14757,SON
14758,SORBS1
14759,SORBS2
14760,SORBS3
14761,SORCS1
14762,SORCS2
14763,SORCS3
14764,SORD
14765,SORL1
14766,SORT1
14767,SOS1
14768,SOS2
14769,SOST
14770,SOSTDC1
14771,SOWAHA
14772,SOWAHB
14773,SOWAHC
14774,SOWAHD
14775,SOX1
14776,SOX10
14777,SOX11
14778,SOX12
14779,SOX13
14780,SOX14
14781,SOX15
14782,SOX17
14783,SOX18
14784,SOX2
14785,SOX21
14786,SOX3
14787,SOX30
14788,SOX4
14789,SOX5
14790,SOX6
14791,SOX7
14792,SOX8
14793,SOX9
14794,SP1
14795,SP100
14796,SP110
14797,SP140
14798,SP140L
14799,SP2
14800,SP3
14801,SP4
14802,SP5
14803,SP6
14804,SP7
14805,SP8
14806,SP9
14807,SPA17
14808,SPACA1
14809,SPACA3
14810,SPACA4
14811,SPACA5
14812,SPACA7
14813,SPAG1
14814,SPAG11A
14815,SPAG11B
14816,SPAG16
14817,SPAG17
14818,SPAG4
14819,SPAG5
14820,SPAG6
14821,SPAG7
14822,SPAG8
14823,SPAG9
14824,SPAM1
14825,SPANXA1
14826,SPANXB2
14827,SPANXC
14828,SPANXE
14829,SPANXN1
14830,SPANXN2
14831,SPANXN3
14832,SPANXN4
14833,SPANXN5
14834,SPARC
14835,SPARCL1
14836,SPAST
14837,SPATA12
14838,SPATA13
14839,SPATA16
14840,SPATA17
14841,SPATA18
14842,SPATA19
14843,SPATA2
14844,SPATA20
14845,SPATA21
14846,SPATA22
14847,SPATA24
14848,SPATA25
14849,SPATA2L
14850,SPATA3
14851,SPATA4
14852,SPATA5
14853,SPATA5L1
14854,SPATA6
14855,SPATA7
14856,SPATA8
14857,SPATA9
14858,SPATC1
14859,SPATS1
14860,SPATS2
14861,SPATS2L
14862,SPC24
14863,SPC25
14864,SPCS1
14865,SPCS2
14866,SPCS3
14867,SPDEF
14868,SPDYA
14869,SPDYC
14870,SPDYE1
14871,SPDYE3
14872,SPDYE4
14873,SPDYE5
14874,SPDYE6
14875,SPECC1
14876,SPECC1L
14877,SPEF1
14878,SPEF2
14879,SPEG
14880,SPEM1
14881,SPEN
14882,SPERT
14883,SPESP1
14884,SPG11
14885,SPG20
14886,SPG21
14887,SPG7
14888,SPHAR
14889,SPHK1
14890,SPHK2
14891,SPHKAP
14892,SPI1
14893,SPIB
14894,SPIC
14895,SPICE1
14896,SPIN1
14897,SPIN2A
14898,SPIN2B
14899,SPIN3
14900,SPIN4
14901,SPINK1
14902,SPINK13
14903,SPINK14
14904,SPINK2
14905,SPINK4
14906,SPINK5
14907,SPINK6
14908,SPINK7
14909,SPINK8
14910,SPINK9
14911,SPINT1
14912,SPINT2
14913,SPINT3
14914,SPINT4
14915,SPIRE1
14916,SPIRE2
14917,SPN
14918,SPNS1
14919,SPNS2
14920,SPNS3
14921,SPO11
14922,SPOCD1
14923,SPOCK1
14924,SPOCK2
14925,SPOCK3
14926,SPON1
14927,SPON2
14928,SPOP
14929,SPOPL
14930,SPP1
14931,SPP2
14932,SPPL2A
14933,SPPL2B
14934,SPPL3
14935,SPR
14936,SPRED1
14937,SPRED2
14938,SPRED3
14939,SPRN
14940,SPRR1A
14941,SPRR1B
14942,SPRR2A
14943,SPRR2B
14944,SPRR2D
14945,SPRR2E
14946,SPRR2F
14947,SPRR2G
14948,SPRR3
14949,SPRR4
14950,SPRY1
14951,SPRY2
14952,SPRY3
14953,SPRY4
14954,SPRYD3
14955,SPRYD4
14956,SPRYD7
14957,SPSB1
14958,SPSB2
14959,SPSB3
14960,SPSB4
14961,SPTA1
14962,SPTAN1
14963,SPTB
14964,SPTBN1
14965,SPTBN2
14966,SPTBN4
14967,SPTBN5
14968,SPTLC1
14969,SPTLC2
14970,SPTLC3
14971,SPTSSA
14972,SPTSSB
14973,SPTY2D1
14974,SPZ1
14975,SQLE
14976,SQRDL
14977,SQSTM1
14978,SRA1
14979,SRBD1
14980,SRC
14981,SRCAP
14982,SRCIN1
14983,SRCRB4D
14984,SRD5A1
14985,SRD5A2
14986,SRD5A3
14987,SREBF1
14988,SREBF2
14989,SREK1
14990,SREK1IP1
14991,SRF
14992,SRFBP1
14993,SRGAP1
14994,SRGAP2
14995,SRGAP3
14996,SRGN
14997,SRI
14998,SRL
14999,SRM
15000,SRMS
15001,SRP14
15002,SRP19
15003,SRP54
15004,SRP68
15005,SRP72
15006,SRP9
15007,SRPK1
15008,SRPK2
15009,SRPK3
15010,SRPR
15011,SRPRB
15012,SRPX
15013,SRPX2
15014,SRR
15015,SRRD
15016,SRRM1
15017,SRRM2
15018,SRRM3
15019,SRRM4
15020,SRRM5
15021,SRRT
15022,SRSF1
15023,SRSF10
15024,SRSF11
15025,SRSF12
15026,SRSF2
15027,SRSF3
15028,SRSF4
15029,SRSF5
15030,SRSF6
15031,SRSF7
15032,SRSF8
15033,SRSF9
15034,SRXN1
15035,SRY
15036,SS18
15037,SS18L1
15038,SS18L2
15039,SSB
15040,SSBP1
15041,SSBP2
15042,SSBP3
15043,SSBP4
15044,SSC5D
15045,SSFA2
15046,SSH1
15047,SSH2
15048,SSH3
15049,SSNA1
15050,SSPN
15051,SSPO
15052,SSR1
15053,SSR2
15054,SSR3
15055,SSR4
15056,SSRP1
15057,SSSCA1
15058,SST
15059,SSTR1
15060,SSTR2
15061,SSTR3
15062,SSTR4
15063,SSTR5
15064,SSU72
15065,SSX1
15066,SSX2
15067,SSX2IP
15068,SSX3
15069,SSX4
15070,SSX4B
15071,SSX5
15072,SSX7
15073,ST13
15074,ST14
15075,ST18
15076,ST20
15077,ST20-MTHFS
15078,ST3GAL1
15079,ST3GAL2
15080,ST3GAL3
15081,ST3GAL4
15082,ST3GAL5
15083,ST3GAL6
15084,ST5
15085,ST6GAL1
15086,ST6GAL2
15087,ST6GALNAC1
15088,ST6GALNAC2
15089,ST6GALNAC3
15090,ST6GALNAC4
15091,ST6GALNAC5
15092,ST6GALNAC6
15093,ST7
15094,ST7L
15095,ST8SIA1
15096,ST8SIA2
15097,ST8SIA3
15098,ST8SIA4
15099,ST8SIA5
15100,ST8SIA6
15101,STAB1
15102,STAB2
15103,STAC
15104,STAC2
15105,STAC3
15106,STAG1
15107,STAG2
15108,STAG3
15109,STAM
15110,STAM2
15111,STAMBP
15112,STAMBPL1
15113,STAP1
15114,STAP2
15115,STAR
15116,STARD10
15117,STARD13
15118,STARD3
15119,STARD3NL
15120,STARD4
15121,STARD5
15122,STARD6
15123,STARD7
15124,STARD8
15125,STARD9
15126,STAT1
15127,STAT2
15128,STAT3
15129,STAT4
15130,STAT5A
15131,STAT5B
15132,STAT6
15133,STATH
15134,STAU1
15135,STAU2
15136,STBD1
15137,STC1
15138,STC2
15139,STEAP1
15140,STEAP1B
15141,STEAP2
15142,STEAP3
15143,STEAP4
15144,STH
15145,STIL
15146,STIM1
15147,STIM2
15148,STIP1
15149,STK10
15150,STK11
15151,STK11IP
15152,STK16
15153,STK17A
15154,STK17B
15155,STK19
15156,STK24
15157,STK25
15158,STK3
15159,STK31
15160,STK32A
15161,STK32B
15162,STK32C
15163,STK33
15164,STK35
15165,STK36
15166,STK38
15167,STK38L
15168,STK39
15169,STK4
15170,STK40
15171,STMN1
15172,STMN2
15173,STMN3
15174,STMN4
15175,STOM
15176,STOML1
15177,STOML2
15178,STOML3
15179,STON1
15180,STON1-GTF2A1L
15181,STON2
15182,STOX1
15183,STOX2
15184,STRA13
15185,STRA6
15186,STRA8
15187,STRADA
15188,STRADB
15189,STRAP
15190,STRBP
15191,STRC
15192,STRN
15193,STRN3
15194,STRN4
15195,STS
15196,STT3A
15197,STT3B
15198,STUB1
15199,STX10
15200,STX11
15201,STX12
15202,STX16
15203,STX17
15204,STX18
15205,STX19
15206,STX1A
15207,STX1B
15208,STX2
15209,STX3
15210,STX4
15211,STX5
15212,STX6
15213,STX7
15214,STX8
15215,STXBP1
15216,STXBP2
15217,STXBP3
15218,STXBP4
15219,STXBP5
15220,STXBP5L
15221,STXBP6
15222,STYK1
15223,STYX
15224,STYXL1
15225,SUB1
15226,SUCLA2
15227,SUCLG1
15228,SUCLG2
15229,SUCNR1
15230,SUDS3
15231,SUFU
15232,SUGP1
15233,SUGP2
15234,SUGT1
15235,SULF1
15236,SULF2
15237,SULT1A1
15238,SULT1A2
15239,SULT1A3
15240,SULT1B1
15241,SULT1C2
15242,SULT1C3
15243,SULT1C4
15244,SULT1E1
15245,SULT2A1
15246,SULT2B1
15247,SULT4A1
15248,SULT6B1
15249,SUMF1
15250,SUMF2
15251,SUMO1
15252,SUMO2
15253,SUMO3
15254,SUMO4
15255,SUN1
15256,SUN2
15257,SUN3
15258,SUN5
15259,SUOX
15260,SUPT16H
15261,SUPT3H
15262,SUPT4H1
15263,SUPT5H
15264,SUPT6H
15265,SUPT7L
15266,SUPV3L1
15267,SURF1
15268,SURF2
15269,SURF4
15270,SURF6
15271,SUSD1
15272,SUSD2
15273,SUSD3
15274,SUSD4
15275,SUSD5
15276,SUV39H1
15277,SUV39H2
15278,SUV420H1
15279,SUV420H2
15280,SUZ12
15281,SV2A
15282,SV2B
15283,SV2C
15284,SVEP1
15285,SVIL
15286,SVIP
15287,SVOP
15288,SVOPL
15289,SWAP70
15290,SWI5
15291,SWSAP1
15292,SWT1
15293,SYAP1
15294,SYBU
15295,SYCE1
15296,SYCE1L
15297,SYCE2
15298,SYCE3
15299,SYCN
15300,SYCP1
15301,SYCP2
15302,SYCP2L
15303,SYCP3
15304,SYDE1
15305,SYDE2
15306,SYF2
15307,SYK
15308,SYMPK
15309,SYN1
15310,SYN2
15311,SYN3
15312,SYNC
15313,SYNCRIP
15314,SYNDIG1
15315,SYNDIG1L
15316,SYNE1
15317,SYNE2
15318,SYNGAP1
15319,SYNGR1
15320,SYNGR2
15321,SYNGR3
15322,SYNGR4
15323,SYNJ1
15324,SYNJ2
15325,SYNJ2BP
15326,SYNJ2BP-COX16
15327,SYNM
15328,SYNPO
15329,SYNPO2
15330,SYNPO2L
15331,SYNPR
15332,SYNRG
15333,SYP
15334,SYPL1
15335,SYPL2
15336,SYS1
15337,SYT1
15338,SYT10
15339,SYT11
15340,SYT12
15341,SYT13
15342,SYT14
15343,SYT15
15344,SYT16
15345,SYT17
15346,SYT2
15347,SYT3
15348,SYT4
15349,SYT5
15350,SYT6
15351,SYT7
15352,SYT8
15353,SYT9
15354,SYTL1
15355,SYTL2
15356,SYTL3
15357,SYTL4
15358,SYTL5
15359,SYVN1
15360,SZT2
15361,T
15362,TAAR1
15363,TAAR2
15364,TAAR5
15365,TAAR6
15366,TAAR8
15367,TAAR9
15368,TAB1
15369,TAB2
15370,TAB3
15371,TAC1
15372,TAC3
15373,TAC4
15374,TACC1
15375,TACC2
15376,TACC3
15377,TACO1
15378,TACR1
15379,TACR2
15380,TACR3
15381,TACSTD2
15382,TADA1
15383,TADA2A
15384,TADA2B
15385,TADA3
15386,TAF1
15387,TAF10
15388,TAF11
15389,TAF12
15390,TAF13
15391,TAF15
15392,TAF1A
15393,TAF1B
15394,TAF1C
15395,TAF1D
15396,TAF1L
15397,TAF2
15398,TAF3
15399,TAF4
15400,TAF4B
15401,TAF5
15402,TAF5L
15403,TAF6
15404,TAF6L
15405,TAF7
15406,TAF7L
15407,TAF8
15408,TAF9
15409,TAF9B
15410,TAGAP
15411,TAGLN
15412,TAGLN2
15413,TAGLN3
15414,TAL1
15415,TAL2
15416,TALDO1
15417,TAMM41
15418,TANC1
15419,TANC2
15420,TANK
15421,TAOK1
15422,TAOK2
15423,TAOK3
15424,TAP1
15425,TAP2
15426,TAPBP
15427,TAPBPL
15428,TAPT1
15429,TARBP1
15430,TARBP2
15431,TARDBP
15432,TARM1
15433,TARP
15434,TARS
15435,TARS2
15436,TARSL2
15437,TAS1R1
15438,TAS1R2
15439,TAS1R3
15440,TAS2R1
15441,TAS2R10
15442,TAS2R13
15443,TAS2R14
15444,TAS2R16
15445,TAS2R19
15446,TAS2R20
15447,TAS2R3
15448,TAS2R30
15449,TAS2R31
15450,TAS2R38
15451,TAS2R39
15452,TAS2R4
15453,TAS2R40
15454,TAS2R41
15455,TAS2R42
15456,TAS2R43
15457,TAS2R46
15458,TAS2R5
15459,TAS2R50
15460,TAS2R60
15461,TAS2R7
15462,TAS2R8
15463,TAS2R9
15464,TASP1
15465,TAT
15466,TATDN1
15467,TATDN2
15468,TATDN3
15469,TAX1BP1
15470,TAX1BP3
15471,TAZ
15472,TBC1D1
15473,TBC1D10A
15474,TBC1D10B
15475,TBC1D10C
15476,TBC1D12
15477,TBC1D13
15478,TBC1D14
15479,TBC1D15
15480,TBC1D16
15481,TBC1D17
15482,TBC1D19
15483,TBC1D2
15484,TBC1D20
15485,TBC1D21
15486,TBC1D22A
15487,TBC1D22B
15488,TBC1D23
15489,TBC1D24
15490,TBC1D25
15491,TBC1D26
15492,TBC1D28
15493,TBC1D29
15494,TBC1D2B
15495,TBC1D3
15496,TBC1D30
15497,TBC1D3B
15498,TBC1D3C
15499,TBC1D3F
15500,TBC1D3G
15501,TBC1D3H
15502,TBC1D4
15503,TBC1D5
15504,TBC1D7
15505,TBC1D8
15506,TBC1D8B
15507,TBC1D9
15508,TBC1D9B
15509,TBCA
15510,TBCB
15511,TBCC
15512,TBCCD1
15513,TBCD
15514,TBCE
15515,TBCEL
15516,TBCK
15517,TBK1
15518,TBKBP1
15519,TBL1X
15520,TBL1XR1
15521,TBL1Y
15522,TBL2
15523,TBL3
15524,TBP
15525,TBPL1
15526,TBPL2
15527,TBR1
15528,TBRG1
15529,TBRG4
15530,TBX1
15531,TBX10
15532,TBX15
15533,TBX18
15534,TBX19
15535,TBX2
15536,TBX20
15537,TBX21
15538,TBX22
15539,TBX3
15540,TBX4
15541,TBX5
15542,TBX6
15543,TBXA2R
15544,TBXAS1
15545,TC2N
15546,TCAP
15547,TCEA1
15548,TCEA2
15549,TCEA3
15550,TCEAL1
15551,TCEAL2
15552,TCEAL3
15553,TCEAL4
15554,TCEAL5
15555,TCEAL6
15556,TCEAL7
15557,TCEAL8
15558,TCEANC
15559,TCEANC2
15560,TCEB1
15561,TCEB2
15562,TCEB3
15563,TCEB3B
15564,TCEB3C
15565,TCERG1
15566,TCERG1L
15567,TCF12
15568,TCF15
15569,TCF19
15570,TCF20
15571,TCF21
15572,TCF23
15573,TCF24
15574,TCF25
15575,TCF3
15576,TCF4
15577,TCF7
15578,TCF7L1
15579,TCF7L2
15580,TCFL5
15581,TCHH
15582,TCHHL1
15583,TCHP
15584,TCIRG1
15585,TCL1A
15586,TCL1B
15587,TCN1
15588,TCN2
15589,TCOF1
15590,TCP1
15591,TCP10
15592,TCP10L
15593,TCP10L2
15594,TCP11
15595,TCP11L1
15596,TCP11L2
15597,TCTA
15598,TCTE1
15599,TCTE3
15600,TCTEX1D1
15601,TCTEX1D2
15602,TCTEX1D4
15603,TCTN1
15604,TCTN2
15605,TCTN3
15606,TDG
15607,TDGF1
15608,TDO2
15609,TDP1
15610,TDP2
15611,TDRD1
15612,TDRD10
15613,TDRD12
15614,TDRD3
15615,TDRD5
15616,TDRD6
15617,TDRD7
15618,TDRD9
15619,TDRKH
15620,TEAD1
15621,TEAD2
15622,TEAD3
15623,TEAD4
15624,TEC
15625,TECPR1
15626,TECPR2
15627,TECR
15628,TECRL
15629,TECTA
15630,TECTB
15631,TEDDM1
15632,TEF
15633,TEFM
15634,TEK
15635,TEKT1
15636,TEKT2
15637,TEKT3
15638,TEKT4
15639,TEKT5
15640,TELO2
15641,TENC1
15642,TEP1
15643,TEPP
15644,TERF1
15645,TERF2
15646,TERF2IP
15647,TERT
15648,TES
15649,TESC
15650,TESK1
15651,TESK2
15652,TET1
15653,TET2
15654,TET3
15655,TEX10
15656,TEX101
15657,TEX11
15658,TEX12
15659,TEX13A
15660,TEX13B
15661,TEX14
15662,TEX15
15663,TEX19
15664,TEX2
15665,TEX22
15666,TEX261
15667,TEX264
15668,TEX28
15669,TEX9
15670,TF
15671,TFAM
15672,TFAP2A
15673,TFAP2B
15674,TFAP2C
15675,TFAP2D
15676,TFAP2E
15677,TFAP4
15678,TFB1M
15679,TFB2M
15680,TFCP2
15681,TFCP2L1
15682,TFDP1
15683,TFDP2
15684,TFDP3
15685,TFE3
15686,TFEB
15687,TFEC
15688,TFF1
15689,TFF2
15690,TFF3
15691,TFG
15692,TFIP11
15693,TFPI
15694,TFPI2
15695,TFPT
15696,TFR2
15697,TFRC
15698,TG
15699,TGDS
15700,TGFA
15701,TGFB1
15702,TGFB1I1
15703,TGFB2
15704,TGFB3
15705,TGFBI
15706,TGFBR1
15707,TGFBR2
15708,TGFBR3
15709,TGFBRAP1
15710,TGIF1
15711,TGIF2
15712,TGIF2LX
15713,TGIF2LY
15714,TGM1
15715,TGM2
15716,TGM3
15717,TGM4
15718,TGM5
15719,TGM6
15720,TGM7
15721,TGOLN2
15722,TGS1
15723,TH
15724,THADA
15725,THAP1
15726,THAP10
15727,THAP11
15728,THAP2
15729,THAP3
15730,THAP4
15731,THAP5
15732,THAP6
15733,THAP7
15734,THAP8
15735,THAP9
15736,THBD
15737,THBS1
15738,THBS2
15739,THBS3
15740,THBS4
15741,THEG
15742,THEG5
15743,THEM4
15744,THEM5
15745,THEMIS
15746,THG1L
15747,THNSL1
15748,THNSL2
15749,THOC1
15750,THOC2
15751,THOC3
15752,THOC5
15753,THOC6
15754,THOC7
15755,THOP1
15756,THPO
15757,THRA
15758,THRAP3
15759,THRB
15760,THRSP
15761,THSD1
15762,THSD4
15763,THSD7A
15764,THSD7B
15765,THTPA
15766,THUMPD1
15767,THUMPD2
15768,THUMPD3
15769,THY1
15770,THYN1
15771,TIA1
15772,TIAF1
15773,TIAL1
15774,TIAM1
15775,TIAM2
15776,TICAM1
15777,TICAM2
15778,TIE1
15779,TIFA
15780,TIFAB
15781,TIGD1
15782,TIGD2
15783,TIGD3
15784,TIGD4
15785,TIGD5
15786,TIGD6
15787,TIGD7
15788,TIGIT
15789,TIMD4
15790,TIMELESS
15791,TIMM10
15792,TIMM13
15793,TIMM17A
15794,TIMM17B
15795,TIMM21
15796,TIMM22
15797,TIMM23
15798,TIMM44
15799,TIMM50
15800,TIMM8A
15801,TIMM8B
15802,TIMM9
15803,TIMMDC1
15804,TIMP1
15805,TIMP2
15806,TIMP3
15807,TIMP4
15808,TINAG
15809,TINAGL1
15810,TINF2
15811,TIPARP
15812,TIPIN
15813,TIPRL
15814,TIRAP
15815,TJAP1
15816,TJP1
15817,TJP2
15818,TJP3
15819,TK1
15820,TK2
15821,TKT
15822,TKTL1
15823,TKTL2
15824,TLCD1
15825,TLCD2
15826,TLE1
15827,TLE2
15828,TLE3
15829,TLE4
15830,TLE6
15831,TLK1
15832,TLK2
15833,TLL1
15834,TLL2
15835,TLN1
15836,TLN2
15837,TLR1
15838,TLR10
15839,TLR2
15840,TLR3
15841,TLR4
15842,TLR5
15843,TLR6
15844,TLR7
15845,TLR8
15846,TLR9
15847,TLX1
15848,TLX1NB
15849,TLX2
15850,TLX3
15851,TM2D1
15852,TM2D2
15853,TM2D3
15854,TM4SF1
15855,TM4SF18
15856,TM4SF19
15857,TM4SF20
15858,TM4SF4
15859,TM4SF5
15860,TM6SF1
15861,TM6SF2
15862,TM7SF2
15863,TM7SF3
15864,TM9SF1
15865,TM9SF2
15866,TM9SF3
15867,TM9SF4
15868,TMBIM1
15869,TMBIM4
15870,TMBIM6
15871,TMC1
15872,TMC2
15873,TMC3
15874,TMC4
15875,TMC5
15876,TMC6
15877,TMC7
15878,TMC8
15879,TMCC1
15880,TMCC2
15881,TMCC3
15882,TMCO1
15883,TMCO2
15884,TMCO3
15885,TMCO4
15886,TMCO5A
15887,TMCO6
15888,TMED1
15889,TMED10
15890,TMED2
15891,TMED3
15892,TMED4
15893,TMED5
15894,TMED6
15895,TMED7
15896,TMED7-TICAM2
15897,TMED8
15898,TMED9
15899,TMEFF1
15900,TMEFF2
15901,TMEM100
15902,TMEM101
15903,TMEM102
15904,TMEM104
15905,TMEM105
15906,TMEM106A
15907,TMEM106B
15908,TMEM106C
15909,TMEM107
15910,TMEM108
15911,TMEM109
15912,TMEM11
15913,TMEM110
15914,TMEM110-MUSTN1
15915,TMEM114
15916,TMEM115
15917,TMEM116
15918,TMEM117
15919,TMEM119
15920,TMEM120A
15921,TMEM120B
15922,TMEM121
15923,TMEM123
15924,TMEM125
15925,TMEM126A
15926,TMEM126B
15927,TMEM127
15928,TMEM128
15929,TMEM129
15930,TMEM130
15931,TMEM131
15932,TMEM132A
15933,TMEM132B
15934,TMEM132C
15935,TMEM132D
15936,TMEM132E
15937,TMEM133
15938,TMEM134
15939,TMEM135
15940,TMEM136
15941,TMEM138
15942,TMEM139
15943,TMEM140
15944,TMEM141
15945,TMEM143
15946,TMEM144
15947,TMEM145
15948,TMEM147
15949,TMEM14A
15950,TMEM14B
15951,TMEM14C
15952,TMEM14E
15953,TMEM150A
15954,TMEM150B
15955,TMEM150C
15956,TMEM151A
15957,TMEM151B
15958,TMEM154
15959,TMEM155
15960,TMEM156
15961,TMEM158
15962,TMEM159
15963,TMEM160
15964,TMEM161A
15965,TMEM161B
15966,TMEM163
15967,TMEM164
15968,TMEM165
15969,TMEM167A
15970,TMEM167B
15971,TMEM168
15972,TMEM169
15973,TMEM17
15974,TMEM170A
15975,TMEM170B
15976,TMEM171
15977,TMEM173
15978,TMEM174
15979,TMEM175
15980,TMEM176A
15981,TMEM176B
15982,TMEM177
15983,TMEM179
15984,TMEM179B
15985,TMEM18
15986,TMEM180
15987,TMEM181
15988,TMEM182
15989,TMEM183A
15990,TMEM183B
15991,TMEM184A
15992,TMEM184B
15993,TMEM184C
15994,TMEM185A
15995,TMEM185B
15996,TMEM186
15997,TMEM187
15998,TMEM189
15999,TMEM189-UBE2V1
16000,TMEM19
16001,TMEM190
16002,TMEM191B
16003,TMEM191C
16004,TMEM192
16005,TMEM194A
16006,TMEM194B
16007,TMEM196
16008,TMEM198
16009,TMEM199
16010,TMEM2
16011,TMEM200A
16012,TMEM200B
16013,TMEM200C
16014,TMEM201
16015,TMEM202
16016,TMEM203
16017,TMEM204
16018,TMEM205
16019,TMEM206
16020,TMEM207
16021,TMEM208
16022,TMEM209
16023,TMEM211
16024,TMEM212
16025,TMEM213
16026,TMEM214
16027,TMEM215
16028,TMEM216
16029,TMEM217
16030,TMEM218
16031,TMEM219
16032,TMEM220
16033,TMEM221
16034,TMEM222
16035,TMEM223
16036,TMEM225
16037,TMEM229A
16038,TMEM229B
16039,TMEM231
16040,TMEM232
16041,TMEM233
16042,TMEM234
16043,TMEM235
16044,TMEM236
16045,TMEM237
16046,TMEM238
16047,TMEM239
16048,TMEM240
16049,TMEM241
16050,TMEM242
16051,TMEM25
16052,TMEM26
16053,TMEM27
16054,TMEM30A
16055,TMEM30B
16056,TMEM31
16057,TMEM33
16058,TMEM35
16059,TMEM37
16060,TMEM38A
16061,TMEM38B
16062,TMEM39A
16063,TMEM39B
16064,TMEM40
16065,TMEM41A
16066,TMEM41B
16067,TMEM42
16068,TMEM43
16069,TMEM44
16070,TMEM45A
16071,TMEM45B
16072,TMEM47
16073,TMEM5
16074,TMEM50A
16075,TMEM50B
16076,TMEM51
16077,TMEM52
16078,TMEM53
16079,TMEM54
16080,TMEM55A
16081,TMEM55B
16082,TMEM56
16083,TMEM56-RWDD3
16084,TMEM57
16085,TMEM59
16086,TMEM59L
16087,TMEM60
16088,TMEM61
16089,TMEM62
16090,TMEM63A
16091,TMEM63B
16092,TMEM63C
16093,TMEM64
16094,TMEM65
16095,TMEM66
16096,TMEM67
16097,TMEM68
16098,TMEM69
16099,TMEM70
16100,TMEM71
16101,TMEM72
16102,TMEM74
16103,TMEM74B
16104,TMEM79
16105,TMEM80
16106,TMEM81
16107,TMEM82
16108,TMEM86A
16109,TMEM86B
16110,TMEM87A
16111,TMEM87B
16112,TMEM88
16113,TMEM88B
16114,TMEM89
16115,TMEM8A
16116,TMEM8B
16117,TMEM8C
16118,TMEM9
16119,TMEM91
16120,TMEM92
16121,TMEM95
16122,TMEM97
16123,TMEM98
16124,TMEM99
16125,TMEM9B
16126,TMF1
16127,TMIE
16128,TMIGD1
16129,TMIGD2
16130,TMLHE
16131,TMOD1
16132,TMOD2
16133,TMOD3
16134,TMOD4
16135,TMPO
16136,TMPPE
16137,TMPRSS11A
16138,TMPRSS11B
16139,TMPRSS11BNL
16140,TMPRSS11D
16141,TMPRSS11E
16142,TMPRSS11F
16143,TMPRSS12
16144,TMPRSS13
16145,TMPRSS15
16146,TMPRSS2
16147,TMPRSS3
16148,TMPRSS4
16149,TMPRSS5
16150,TMPRSS6
16151,TMPRSS7
16152,TMPRSS9
16153,TMSB10
16154,TMSB15A
16155,TMSB15B
16156,TMSB4X
16157,TMSB4Y
16158,TMTC1
16159,TMTC2
16160,TMTC3
16161,TMTC4
16162,TMUB1
16163,TMUB2
16164,TMX1
16165,TMX2
16166,TMX3
16167,TMX4
16168,TNC
16169,TNF
16170,TNFAIP1
16171,TNFAIP2
16172,TNFAIP3
16173,TNFAIP6
16174,TNFAIP8
16175,TNFAIP8L1
16176,TNFAIP8L2
16177,TNFAIP8L2-SCNM1
16178,TNFAIP8L3
16179,TNFRSF10A
16180,TNFRSF10B
16181,TNFRSF10C
16182,TNFRSF10D
16183,TNFRSF11A
16184,TNFRSF11B
16185,TNFRSF12A
16186,TNFRSF13B
16187,TNFRSF13C
16188,TNFRSF14
16189,TNFRSF17
16190,TNFRSF18
16191,TNFRSF19
16192,TNFRSF1A
16193,TNFRSF1B
16194,TNFRSF21
16195,TNFRSF25
16196,TNFRSF4
16197,TNFRSF6B
16198,TNFRSF8
16199,TNFRSF9
16200,TNFSF10
16201,TNFSF11
16202,TNFSF12
16203,TNFSF12-TNFSF13
16204,TNFSF13
16205,TNFSF13B
16206,TNFSF14
16207,TNFSF15
16208,TNFSF18
16209,TNFSF4
16210,TNFSF8
16211,TNFSF9
16212,TNIK
16213,TNIP1
16214,TNIP2
16215,TNIP3
16216,TNK1
16217,TNK2
16218,TNKS
16219,TNKS1BP1
16220,TNKS2
16221,TNMD
16222,TNN
16223,TNNC1
16224,TNNC2
16225,TNNI1
16226,TNNI2
16227,TNNI3
16228,TNNI3K
16229,TNNT1
16230,TNNT2
16231,TNNT3
16232,TNP1
16233,TNP2
16234,TNPO1
16235,TNPO2
16236,TNPO3
16237,TNR
16238,TNRC18
16239,TNRC6A
16240,TNRC6B
16241,TNRC6C
16242,TNS1
16243,TNS3
16244,TNS4
16245,TNXB
16246,TOB1
16247,TOB2
16248,TOE1
16249,TOLLIP
16250,TOM1
16251,TOM1L1
16252,TOM1L2
16253,TOMM20
16254,TOMM20L
16255,TOMM22
16256,TOMM34
16257,TOMM40
16258,TOMM40L
16259,TOMM5
16260,TOMM6
16261,TOMM7
16262,TOMM70A
16263,TONSL
16264,TOP1
16265,TOP1MT
16266,TOP2A
16267,TOP2B
16268,TOP3A
16269,TOP3B
16270,TOPBP1
16271,TOPORS
16272,TOR1A
16273,TOR1AIP1
16274,TOR1AIP2
16275,TOR1B
16276,TOR2A
16277,TOR3A
16278,TOX
16279,TOX2
16280,TOX3
16281,TOX4
16282,TP53
16283,TP53AIP1
16284,TP53BP1
16285,TP53BP2
16286,TP53I11
16287,TP53I13
16288,TP53I3
16289,TP53INP1
16290,TP53INP2
16291,TP53RK
16292,TP53TG3C
16293,TP53TG5
16294,TP63
16295,TP73
16296,TPBG
16297,TPCN1
16298,TPCN2
16299,TPD52
16300,TPD52L1
16301,TPD52L2
16302,TPD52L3
16303,TPGS1
16304,TPGS2
16305,TPH1
16306,TPH2
16307,TPI1
16308,TPK1
16309,TPM1
16310,TPM2
16311,TPM3
16312,TPM4
16313,TPMT
16314,TPO
16315,TPP1
16316,TPP2
16317,TPPP
16318,TPPP2
16319,TPPP3
16320,TPR
16321,TPRA1
16322,TPRG1
16323,TPRG1L
16324,TPRKB
16325,TPRN
16326,TPRX1
16327,TPSAB1
16328,TPSB2
16329,TPSD1
16330,TPSG1
16331,TPST1
16332,TPST2
16333,TPT1
16334,TPTE
16335,TPTE2
16336,TPX2
16337,TRA2A
16338,TRA2B
16339,TRABD
16340,TRADD
16341,TRAF1
16342,TRAF2
16343,TRAF3
16344,TRAF3IP1
16345,TRAF3IP2
16346,TRAF3IP3
16347,TRAF4
16348,TRAF5
16349,TRAF6
16350,TRAF7
16351,TRAFD1
16352,TRAIP
16353,TRAK1
16354,TRAK2
16355,TRAM1
16356,TRAM1L1
16357,TRAM2
16358,TRANK1
16359,TRAP1
16360,TRAPPC1
16361,TRAPPC10
16362,TRAPPC11
16363,TRAPPC12
16364,TRAPPC2
16365,TRAPPC2L
16366,TRAPPC3
16367,TRAPPC4
16368,TRAPPC5
16369,TRAPPC6A
16370,TRAPPC6B
16371,TRAPPC8
16372,TRAPPC9
16373,TRAT1
16374,TRDMT1
16375,TRDN
16376,TREH
16377,TREM1
16378,TREM2
16379,TREML1
16380,TREML2
16381,TREML4
16382,TRERF1
16383,TREX1
16384,TREX2
16385,TRH
16386,TRHDE
16387,TRHR
16388,TRIAP1
16389,TRIB1
16390,TRIB2
16391,TRIB3
16392,TRIL
16393,TRIM10
16394,TRIM11
16395,TRIM13
16396,TRIM14
16397,TRIM15
16398,TRIM16
16399,TRIM16L
16400,TRIM17
16401,TRIM2
16402,TRIM21
16403,TRIM22
16404,TRIM23
16405,TRIM24
16406,TRIM25
16407,TRIM26
16408,TRIM27
16409,TRIM28
16410,TRIM29
16411,TRIM3
16412,TRIM31
16413,TRIM32
16414,TRIM33
16415,TRIM34
16416,TRIM35
16417,TRIM36
16418,TRIM37
16419,TRIM38
16420,TRIM39
16421,TRIM39-RPP21
16422,TRIM4
16423,TRIM40
16424,TRIM41
16425,TRIM42
16426,TRIM43
16427,TRIM43B
16428,TRIM44
16429,TRIM45
16430,TRIM46
16431,TRIM47
16432,TRIM48
16433,TRIM49
16434,TRIM5
16435,TRIM50
16436,TRIM52
16437,TRIM54
16438,TRIM55
16439,TRIM56
16440,TRIM58
16441,TRIM59
16442,TRIM6
16443,TRIM60
16444,TRIM61
16445,TRIM62
16446,TRIM63
16447,TRIM64
16448,TRIM64B
16449,TRIM64C
16450,TRIM65
16451,TRIM66
16452,TRIM67
16453,TRIM68
16454,TRIM69
16455,TRIM6-TRIM34
16456,TRIM7
16457,TRIM71
16458,TRIM72
16459,TRIM73
16460,TRIM74
16461,TRIM8
16462,TRIM9
16463,TRIML1
16464,TRIML2
16465,TRIO
16466,TRIOBP
16467,TRIP10
16468,TRIP11
16469,TRIP12
16470,TRIP13
16471,TRIP4
16472,TRIP6
16473,TRIT1
16474,TRMT1
16475,TRMT11
16476,TRMT112
16477,TRMT12
16478,TRMT1L
16479,TRMT2A
16480,TRMT2B
16481,TRMT5
16482,TRMT6
16483,TRMT61A
16484,TRMT61B
16485,TRMU
16486,TRNAU1AP
16487,TRNP1
16488,TRNT1
16489,TRO
16490,TROAP
16491,TROVE2
16492,TRPA1
16493,TRPC1
16494,TRPC3
16495,TRPC4
16496,TRPC4AP
16497,TRPC5
16498,TRPC6
16499,TRPC7
16500,TRPM1
16501,TRPM2
16502,TRPM3
16503,TRPM4
16504,TRPM5
16505,TRPM6
16506,TRPM7
16507,TRPM8
16508,TRPS1
16509,TRPT1
16510,TRPV1
16511,TRPV2
16512,TRPV3
16513,TRPV4
16514,TRPV5
16515,TRPV6
16516,TRRAP
16517,TRUB1
16518,TRUB2
16519,TSC1
16520,TSC2
16521,TSC22D1
16522,TSC22D2
16523,TSC22D3
16524,TSC22D4
16525,TSEN15
16526,TSEN2
16527,TSEN34
16528,TSEN54
16529,TSFM
16530,TSG101
16531,TSGA10
16532,TSGA10IP
16533,TSGA13
16534,TSHB
16535,TSHR
16536,TSHZ1
16537,TSHZ2
16538,TSHZ3
16539,TSKS
16540,TSKU
16541,TSLP
16542,TSN
16543,TSNARE1
16544,TSNAX
16545,TSNAXIP1
16546,TSPAN1
16547,TSPAN10
16548,TSPAN11
16549,TSPAN12
16550,TSPAN13
16551,TSPAN14
16552,TSPAN15
16553,TSPAN16
16554,TSPAN17
16555,TSPAN18
16556,TSPAN19
16557,TSPAN2
16558,TSPAN3
16559,TSPAN31
16560,TSPAN32
16561,TSPAN33
16562,TSPAN4
16563,TSPAN5
16564,TSPAN6
16565,TSPAN7
16566,TSPAN8
16567,TSPAN9
16568,TSPEAR
16569,TSPO
16570,TSPO2
16571,TSPY1
16572,TSPY2
16573,TSPY3
16574,TSPY4
16575,TSPY8
16576,TSPYL1
16577,TSPYL2
16578,TSPYL4
16579,TSPYL5
16580,TSPYL6
16581,TSR1
16582,TSR2
16583,TSSC1
16584,TSSC4
16585,TSSK1B
16586,TSSK2
16587,TSSK3
16588,TSSK4
16589,TSSK6
16590,TST
16591,TSTA3
16592,TSTD1
16593,TSTD2
16594,TTBK1
16595,TTBK2
16596,TTC1
16597,TTC12
16598,TTC13
16599,TTC14
16600,TTC16
16601,TTC17
16602,TTC18
16603,TTC19
16604,TTC21A
16605,TTC21B
16606,TTC22
16607,TTC23
16608,TTC23L
16609,TTC24
16610,TTC25
16611,TTC26
16612,TTC27
16613,TTC28
16614,TTC29
16615,TTC3
16616,TTC30A
16617,TTC30B
16618,TTC31
16619,TTC32
16620,TTC33
16621,TTC34
16622,TTC36
16623,TTC37
16624,TTC38
16625,TTC39A
16626,TTC39B
16627,TTC39C
16628,TTC4
16629,TTC40
16630,TTC5
16631,TTC7A
16632,TTC7B
16633,TTC8
16634,TTC9
16635,TTC9B
16636,TTC9C
16637,TTF1
16638,TTF2
16639,TTI1
16640,TTI2
16641,TTK
16642,TTL
16643,TTLL1
16644,TTLL10
16645,TTLL11
16646,TTLL12
16647,TTLL13
16648,TTLL2
16649,TTLL3
16650,TTLL4
16651,TTLL5
16652,TTLL6
16653,TTLL7
16654,TTLL9
16655,TTN
16656,TTPA
16657,TTPAL
16658,TTR
16659,TTYH1
16660,TTYH2
16661,TTYH3
16662,TUB
16663,TUBA1A
16664,TUBA1B
16665,TUBA1C
16666,TUBA3C
16667,TUBA3D
16668,TUBA3E
16669,TUBA4A
16670,TUBA8
16671,TUBAL3
16672,TUBB
16673,TUBB1
16674,TUBB2A
16675,TUBB2B
16676,TUBB3
16677,TUBB4A
16678,TUBB4B
16679,TUBB6
16680,TUBB8
16681,TUBD1
16682,TUBE1
16683,TUBG1
16684,TUBG2
16685,TUBGCP2
16686,TUBGCP3
16687,TUBGCP4
16688,TUBGCP5
16689,TUBGCP6
16690,TUFM
16691,TUFT1
16692,TULP1
16693,TULP2
16694,TULP3
16695,TULP4
16696,TUSC1
16697,TUSC2
16698,TUSC3
16699,TUSC5
16700,TUT1
16701,TWF1
16702,TWF2
16703,TWIST1
16704,TWIST2
16705,TWISTNB
16706,TWSG1
16707,TXK
16708,TXLNA
16709,TXLNB
16710,TXLNG
16711,TXN
16712,TXN2
16713,TXNDC11
16714,TXNDC12
16715,TXNDC15
16716,TXNDC16
16717,TXNDC17
16718,TXNDC2
16719,TXNDC5
16720,TXNDC8
16721,TXNDC9
16722,TXNIP
16723,TXNL1
16724,TXNL4A
16725,TXNL4B
16726,TXNRD1
16727,TXNRD2
16728,TXNRD3NB
16729,TYK2
16730,TYMP
16731,TYMS
16732,TYR
16733,TYRO3
16734,TYROBP
16735,TYRP1
16736,TYSND1
16737,TYW1
16738,TYW1B
16739,TYW3
16740,TYW5
16741,U2AF1
16742,U2AF1L4
16743,U2AF2
16744,U2SURP
16745,UACA
16746,UAP1
16747,UAP1L1
16748,UBA1
16749,UBA2
16750,UBA3
16751,UBA5
16752,UBA52
16753,UBA6
16754,UBA7
16755,UBAC1
16756,UBAC2
16757,UBAP1
16758,UBAP1L
16759,UBAP2
16760,UBAP2L
16761,UBASH3A
16762,UBASH3B
16763,UBB
16764,UBC
16765,UBD
16766,UBE2A
16767,UBE2B
16768,UBE2C
16769,UBE2D1
16770,UBE2D2
16771,UBE2D3
16772,UBE2D4
16773,UBE2E1
16774,UBE2E2
16775,UBE2E3
16776,UBE2F
16777,UBE2G1
16778,UBE2G2
16779,UBE2H
16780,UBE2I
16781,UBE2J1
16782,UBE2J2
16783,UBE2K
16784,UBE2L3
16785,UBE2L6
16786,UBE2M
16787,UBE2N
16788,UBE2NL
16789,UBE2O
16790,UBE2Q1
16791,UBE2Q2
16792,UBE2QL1
16793,UBE2R2
16794,UBE2S
16795,UBE2T
16796,UBE2U
16797,UBE2V1
16798,UBE2V2
16799,UBE2W
16800,UBE2Z
16801,UBE3A
16802,UBE3B
16803,UBE3C
16804,UBE4A
16805,UBE4B
16806,UBFD1
16807,UBIAD1
16808,UBL3
16809,UBL4A
16810,UBL4B
16811,UBL5
16812,UBL7
16813,UBLCP1
16814,UBN1
16815,UBN2
16816,UBOX5
16817,UBP1
16818,UBQLN1
16819,UBQLN2
16820,UBQLN3
16821,UBQLN4
16822,UBQLNL
16823,UBR1
16824,UBR2
16825,UBR3
16826,UBR4
16827,UBR5
16828,UBR7
16829,UBTD1
16830,UBTD2
16831,UBTF
16832,UBTFL1
16833,UBXN1
16834,UBXN10
16835,UBXN11
16836,UBXN2A
16837,UBXN2B
16838,UBXN4
16839,UBXN6
16840,UBXN7
16841,UBXN8
16842,UCHL1
16843,UCHL3
16844,UCHL5
16845,UCK1
16846,UCK2
16847,UCKL1
16848,UCMA
16849,UCN
16850,UCN2
16851,UCN3
16852,UCP1
16853,UCP2
16854,UCP3
16855,UEVLD
16856,UFC1
16857,UFD1L
16858,UFL1
16859,UFM1
16860,UFSP1
16861,UFSP2
16862,UGCG
16863,UGDH
16864,UGGT1
16865,UGGT2
16866,UGP2
16867,UGT1A1
16868,UGT1A10
16869,UGT1A3
16870,UGT1A4
16871,UGT1A5
16872,UGT1A6
16873,UGT1A7
16874,UGT1A8
16875,UGT1A9
16876,UGT2A1
16877,UGT2A2
16878,UGT2A3
16879,UGT2B10
16880,UGT2B11
16881,UGT2B15
16882,UGT2B17
16883,UGT2B28
16884,UGT2B4
16885,UGT2B7
16886,UGT3A1
16887,UGT3A2
16888,UGT8
16889,UHMK1
16890,UHRF1
16891,UHRF1BP1
16892,UHRF1BP1L
16893,UHRF2
16894,UIMC1
16895,ULBP1
16896,ULBP2
16897,ULBP3
16898,ULK1
16899,ULK2
16900,ULK3
16901,ULK4
16902,UMOD
16903,UMODL1
16904,UMPS
16905,UNC119
16906,UNC119B
16907,UNC13A
16908,UNC13B
16909,UNC13C
16910,UNC13D
16911,UNC45A
16912,UNC45B
16913,UNC50
16914,UNC5A
16915,UNC5B
16916,UNC5C
16917,UNC5CL
16918,UNC5D
16919,UNC79
16920,UNC80
16921,UNC93A
16922,UNC93B1
16923,UNCX
16924,UNG
16925,UNK
16926,UNKL
16927,UPB1
16928,UPF1
16929,UPF2
16930,UPF3A
16931,UPF3B
16932,UPK1A
16933,UPK1B
16934,UPK2
16935,UPK3A
16936,UPK3B
16937,UPK3BL
16938,UPP1
16939,UPP2
16940,UPRT
16941,UQCR10
16942,UQCR11
16943,UQCRB
16944,UQCRC1
16945,UQCRC2
16946,UQCRFS1
16947,UQCRH
16948,UQCRHL
16949,UQCRQ
16950,URB1
16951,URB2
16952,URGCP
16953,URGCP-MRPS24
16954,URI1
16955,URM1
16956,UROC1
16957,UROD
16958,UROS
16959,USE1
16960,USF1
16961,USF2
16962,USH1C
16963,USH1G
16964,USH2A
16965,USHBP1
16966,USMG5
16967,USO1
16968,USP1
16969,USP10
16970,USP11
16971,USP12
16972,USP13
16973,USP14
16974,USP15
16975,USP16
16976,USP17L2
16977,USP18
16978,USP19
16979,USP2
16980,USP20
16981,USP21
16982,USP22
16983,USP24
16984,USP25
16985,USP26
16986,USP27X
16987,USP28
16988,USP29
16989,USP3
16990,USP30
16991,USP31
16992,USP32
16993,USP33
16994,USP34
16995,USP35
16996,USP36
16997,USP37
16998,USP38
16999,USP39
17000,USP4
17001,USP40
17002,USP42
17003,USP43
17004,USP44
17005,USP45
17006,USP46
17007,USP47
17008,USP48
17009,USP49
17010,USP5
17011,USP50
17012,USP51
17013,USP53
17014,USP54
17015,USP6
17016,USP6NL
17017,USP7
17018,USP8
17019,USP9X
17020,USP9Y
17021,USPL1
17022,UST
17023,UTF1
17024,UTP11L
17025,UTP14A
17026,UTP14C
17027,UTP15
17028,UTP18
17029,UTP20
17030,UTP23
17031,UTP3
17032,UTP6
17033,UTRN
17034,UTS2
17035,UTS2R
17036,UTY
17037,UVRAG
17038,UXS1
17039,UXT
17040,VAC14
17041,VAMP1
17042,VAMP2
17043,VAMP3
17044,VAMP4
17045,VAMP5
17046,VAMP7
17047,VAMP8
17048,VANGL1
17049,VANGL2
17050,VAPA
17051,VAPB
17052,VARS
17053,VARS2
17054,VASH1
17055,VASH2
17056,VASN
17057,VASP
17058,VAT1
17059,VAT1L
17060,VAV1
17061,VAV2
17062,VAV3
17063,VAX1
17064,VAX2
17065,VBP1
17066,VCAM1
17067,VCAN
17068,VCL
17069,VCP
17070,VCPIP1
17071,VCX
17072,VCX2
17073,VCX3A
17074,VCX3B
17075,VCY
17076,VCY1B
17077,VDAC1
17078,VDAC2
17079,VDAC3
17080,VDR
17081,VEGFA
17082,VEGFB
17083,VEGFC
17084,VENTX
17085,VEPH1
17086,VEZF1
17087,VEZT
17088,VGF
17089,VGLL1
17090,VGLL2
17091,VGLL3
17092,VGLL4
17093,VHL
17094,VHLL
17095,VIL1
17096,VILL
17097,VIM
17098,VIP
17099,VIPR1
17100,VIPR2
17101,VIT
17102,VKORC1
17103,VKORC1L1
17104,VLDLR
17105,VMA21
17106,VMAC
17107,VMO1
17108,VMP1
17109,VN1R1
17110,VN1R2
17111,VN1R4
17112,VN1R5
17113,VNN1
17114,VNN2
17115,VOPP1
17116,VPRBP
17117,VPREB1
17118,VPREB3
17119,VPS11
17120,VPS13A
17121,VPS13B
17122,VPS13C
17123,VPS13D
17124,VPS16
17125,VPS18
17126,VPS25
17127,VPS26A
17128,VPS26B
17129,VPS28
17130,VPS29
17131,VPS33A
17132,VPS33B
17133,VPS35
17134,VPS36
17135,VPS37A
17136,VPS37B
17137,VPS37C
17138,VPS37D
17139,VPS39
17140,VPS41
17141,VPS45
17142,VPS4A
17143,VPS4B
17144,VPS52
17145,VPS53
17146,VPS54
17147,VPS72
17148,VPS8
17149,VRK1
17150,VRK2
17151,VRK3
17152,VRTN
17153,VSIG1
17154,VSIG10
17155,VSIG10L
17156,VSIG2
17157,VSIG4
17158,VSIG8
17159,VSNL1
17160,VSTM1
17161,VSTM2A
17162,VSTM2B
17163,VSTM2L
17164,VSTM4
17165,VSTM5
17166,VSX1
17167,VSX2
17168,VTA1
17169,VTCN1
17170,VTI1A
17171,VTI1B
17172,VTN
17173,VWA1
17174,VWA2
17175,VWA3A
17176,VWA3B
17177,VWA5A
17178,VWA5B1
17179,VWA5B2
17180,VWA7
17181,VWC2
17182,VWC2L
17183,VWCE
17184,VWDE
17185,VWF
17186,WAC
17187,WAPAL
17188,WARS
17189,WARS2
17190,WAS
17191,WASF1
17192,WASF2
17193,WASF3
17194,WASH1
17195,WASL
17196,WBP1
17197,WBP11
17198,WBP2
17199,WBP2NL
17200,WBP4
17201,WBP5
17202,WBSCR16
17203,WBSCR17
17204,WBSCR22
17205,WBSCR27
17206,WBSCR28
17207,WDFY1
17208,WDFY2
17209,WDFY3
17210,WDFY4
17211,WDHD1
17212,WDPCP
17213,WDR1
17214,WDR11
17215,WDR12
17216,WDR13
17217,WDR16
17218,WDR17
17219,WDR18
17220,WDR19
17221,WDR20
17222,WDR24
17223,WDR25
17224,WDR26
17225,WDR27
17226,WDR3
17227,WDR31
17228,WDR33
17229,WDR34
17230,WDR35
17231,WDR36
17232,WDR37
17233,WDR38
17234,WDR4
17235,WDR41
17236,WDR43
17237,WDR44
17238,WDR45
17239,WDR46
17240,WDR47
17241,WDR48
17242,WDR49
17243,WDR5
17244,WDR52
17245,WDR53
17246,WDR54
17247,WDR55
17248,WDR59
17249,WDR5B
17250,WDR6
17251,WDR60
17252,WDR61
17253,WDR62
17254,WDR63
17255,WDR64
17256,WDR65
17257,WDR66
17258,WDR7
17259,WDR70
17260,WDR72
17261,WDR73
17262,WDR74
17263,WDR75
17264,WDR76
17265,WDR77
17266,WDR78
17267,WDR81
17268,WDR82
17269,WDR83
17270,WDR83OS
17271,WDR86
17272,WDR87
17273,WDR88
17274,WDR89
17275,WDR90
17276,WDR91
17277,WDR92
17278,WDR93
17279,WDR96
17280,WDSUB1
17281,WDTC1
17282,WDYHV1
17283,WEE1
17284,WEE2
17285,WFDC1
17286,WFDC10A
17287,WFDC10B
17288,WFDC11
17289,WFDC12
17290,WFDC13
17291,WFDC2
17292,WFDC3
17293,WFDC5
17294,WFDC6
17295,WFDC8
17296,WFDC9
17297,WFIKKN1
17298,WFIKKN2
17299,WFS1
17300,WHAMM
17301,WHSC1
17302,WHSC1L1
17303,WIBG
17304,WIF1
17305,WIPF1
17306,WIPF2
17307,WIPF3
17308,WIPI1
17309,WIPI2
17310,WISP1
17311,WISP2
17312,WISP3
17313,WIZ
17314,WLS
17315,WNK1
17316,WNK2
17317,WNK3
17318,WNK4
17319,WNT1
17320,WNT10A
17321,WNT10B
17322,WNT11
17323,WNT16
17324,WNT2
17325,WNT2B
17326,WNT3
17327,WNT3A
17328,WNT4
17329,WNT5A
17330,WNT5B
17331,WNT6
17332,WNT7A
17333,WNT7B
17334,WNT8A
17335,WNT8B
17336,WNT9A
17337,WNT9B
17338,WRAP53
17339,WRAP73
17340,WRB
17341,WRN
17342,WRNIP1
17343,WSB1
17344,WSB2
17345,WSCD1
17346,WSCD2
17347,WT1
17348,WTAP
17349,WTH3DI
17350,WTIP
17351,WWC1
17352,WWC2
17353,WWC3
17354,WWOX
17355,WWP1
17356,WWP2
17357,WWTR1
17358,XAB2
17359,XAF1
17360,XAGE1D
17361,XAGE2
17362,XAGE3
17363,XAGE5
17364,XBP1
17365,XCL1
17366,XCL2
17367,XCR1
17368,XDH
17369,XG
17370,XIAP
17371,XIRP1
17372,XIRP2
17373,XK
17374,XKR3
17375,XKR4
17376,XKR5
17377,XKR6
17378,XKR7
17379,XKR8
17380,XKR9
17381,XKRX
17382,XKRY
17383,XPA
17384,XPC
17385,XPNPEP1
17386,XPNPEP2
17387,XPNPEP3
17388,XPO1
17389,XPO4
17390,XPO5
17391,XPO6
17392,XPO7
17393,XPOT
17394,XPR1
17395,XRCC1
17396,XRCC2
17397,XRCC3
17398,XRCC4
17399,XRCC5
17400,XRCC6
17401,XRCC6BP1
17402,XRN1
17403,XRN2
17404,XRRA1
17405,XXYLT1
17406,XYLB
17407,XYLT1
17408,XYLT2
17409,YAE1D1
17410,YAF2
17411,YAP1
17412,YARS
17413,YARS2
17414,YBEY
17415,YBX1
17416,YBX2
17417,YDJC
17418,YEATS2
17419,YEATS4
17420,YES1
17421,YIF1A
17422,YIF1B
17423,YIPF1
17424,YIPF2
17425,YIPF3
17426,YIPF4
17427,YIPF5
17428,YIPF6
17429,YIPF7
17430,YJEFN3
17431,YKT6
17432,YLPM1
17433,YME1L1
17434,YOD1
17435,YPEL1
17436,YPEL2
17437,YPEL3
17438,YPEL4
17439,YPEL5
17440,YRDC
17441,YTHDC1
17442,YTHDC2
17443,YTHDF1
17444,YTHDF2
17445,YTHDF3
17446,YWHAB
17447,YWHAE
17448,YWHAG
17449,YWHAH
17450,YWHAQ
17451,YWHAZ
17452,YY1
17453,YY1AP1
17454,YY2
17455,ZACN
17456,ZADH2
17457,ZAK
17458,ZAN
17459,ZAP70
17460,ZAR1
17461,ZAR1L
17462,ZBBX
17463,ZBED1
17464,ZBED2
17465,ZBED3
17466,ZBED4
17467,ZBED5
17468,ZBED6
17469,ZBP1
17470,ZBTB1
17471,ZBTB10
17472,ZBTB11
17473,ZBTB12
17474,ZBTB16
17475,ZBTB17
17476,ZBTB2
17477,ZBTB20
17478,ZBTB22
17479,ZBTB24
17480,ZBTB25
17481,ZBTB26
17482,ZBTB3
17483,ZBTB32
17484,ZBTB33
17485,ZBTB34
17486,ZBTB37
17487,ZBTB38
17488,ZBTB39
17489,ZBTB4
17490,ZBTB40
17491,ZBTB41
17492,ZBTB42
17493,ZBTB43
17494,ZBTB44
17495,ZBTB45
17496,ZBTB46
17497,ZBTB47
17498,ZBTB48
17499,ZBTB49
17500,ZBTB5
17501,ZBTB6
17502,ZBTB7A
17503,ZBTB7B
17504,ZBTB7C
17505,ZBTB8A
17506,ZBTB8B
17507,ZBTB8OS
17508,ZBTB9
17509,ZC3H10
17510,ZC3H11A
17511,ZC3H12A
17512,ZC3H12B
17513,ZC3H12C
17514,ZC3H12D
17515,ZC3H13
17516,ZC3H14
17517,ZC3H15
17518,ZC3H18
17519,ZC3H3
17520,ZC3H4
17521,ZC3H6
17522,ZC3H7A
17523,ZC3H7B
17524,ZC3H8
17525,ZC3HAV1
17526,ZC3HAV1L
17527,ZC3HC1
17528,ZC4H2
17529,ZCCHC10
17530,ZCCHC11
17531,ZCCHC12
17532,ZCCHC13
17533,ZCCHC14
17534,ZCCHC16
17535,ZCCHC17
17536,ZCCHC18
17537,ZCCHC2
17538,ZCCHC24
17539,ZCCHC3
17540,ZCCHC4
17541,ZCCHC5
17542,ZCCHC6
17543,ZCCHC7
17544,ZCCHC8
17545,ZCCHC9
17546,ZCRB1
17547,ZCWPW1
17548,ZCWPW2
17549,ZDBF2
17550,ZDHHC1
17551,ZDHHC11
17552,ZDHHC12
17553,ZDHHC13
17554,ZDHHC14
17555,ZDHHC15
17556,ZDHHC16
17557,ZDHHC17
17558,ZDHHC18
17559,ZDHHC19
17560,ZDHHC2
17561,ZDHHC20
17562,ZDHHC21
17563,ZDHHC22
17564,ZDHHC23
17565,ZDHHC24
17566,ZDHHC3
17567,ZDHHC4
17568,ZDHHC5
17569,ZDHHC6
17570,ZDHHC7
17571,ZDHHC8
17572,ZDHHC9
17573,ZEB1
17574,ZEB2
17575,ZER1
17576,ZFAND1
17577,ZFAND2A
17578,ZFAND2B
17579,ZFAND3
17580,ZFAND4
17581,ZFAND5
17582,ZFAND6
17583,ZFAT
17584,ZFC3H1
17585,ZFHX2
17586,ZFHX3
17587,ZFHX4
17588,ZFP1
17589,ZFP14
17590,ZFP2
17591,ZFP28
17592,ZFP3
17593,ZFP30
17594,ZFP36
17595,ZFP36L1
17596,ZFP36L2
17597,ZFP37
17598,ZFP41
17599,ZFP42
17600,ZFP57
17601,ZFP62
17602,ZFP64
17603,ZFP82
17604,ZFP90
17605,ZFP91
17606,ZFP92
17607,ZFPL1
17608,ZFPM1
17609,ZFPM2
17610,ZFR
17611,ZFR2
17612,ZFX
17613,ZFY
17614,ZFYVE1
17615,ZFYVE16
17616,ZFYVE19
17617,ZFYVE20
17618,ZFYVE21
17619,ZFYVE26
17620,ZFYVE27
17621,ZFYVE28
17622,ZFYVE9
17623,ZG16
17624,ZG16B
17625,ZGLP1
17626,ZGPAT
17627,ZHX1
17628,ZHX2
17629,ZHX3
17630,ZIC1
17631,ZIC2
17632,ZIC3
17633,ZIC4
17634,ZIC5
17635,ZIK1
17636,ZIM2
17637,ZIM3
17638,ZKSCAN1
17639,ZKSCAN2
17640,ZKSCAN3
17641,ZKSCAN4
17642,ZKSCAN5
17643,ZMAT1
17644,ZMAT2
17645,ZMAT3
17646,ZMAT4
17647,ZMAT5
17648,ZMIZ1
17649,ZMIZ2
17650,ZMPSTE24
17651,ZMYM1
17652,ZMYM2
17653,ZMYM3
17654,ZMYM4
17655,ZMYM5
17656,ZMYM6
17657,ZMYM6NB
17658,ZMYND10
17659,ZMYND11
17660,ZMYND12
17661,ZMYND15
17662,ZMYND19
17663,ZMYND8
17664,ZNF10
17665,ZNF100
17666,ZNF101
17667,ZNF107
17668,ZNF114
17669,ZNF117
17670,ZNF12
17671,ZNF121
17672,ZNF124
17673,ZNF131
17674,ZNF132
17675,ZNF133
17676,ZNF134
17677,ZNF135
17678,ZNF136
17679,ZNF138
17680,ZNF14
17681,ZNF140
17682,ZNF141
17683,ZNF142
17684,ZNF143
17685,ZNF146
17686,ZNF148
17687,ZNF154
17688,ZNF155
17689,ZNF157
17690,ZNF16
17691,ZNF160
17692,ZNF165
17693,ZNF169
17694,ZNF17
17695,ZNF174
17696,ZNF175
17697,ZNF177
17698,ZNF18
17699,ZNF180
17700,ZNF181
17701,ZNF182
17702,ZNF184
17703,ZNF185
17704,ZNF189
17705,ZNF19
17706,ZNF195
17707,ZNF197
17708,ZNF2
17709,ZNF20
17710,ZNF200
17711,ZNF202
17712,ZNF205
17713,ZNF207
17714,ZNF208
17715,ZNF211
17716,ZNF212
17717,ZNF213
17718,ZNF214
17719,ZNF215
17720,ZNF217
17721,ZNF219
17722,ZNF22
17723,ZNF221
17724,ZNF222
17725,ZNF223
17726,ZNF224
17727,ZNF225
17728,ZNF226
17729,ZNF227
17730,ZNF229
17731,ZNF23
17732,ZNF230
17733,ZNF232
17734,ZNF233
17735,ZNF234
17736,ZNF235
17737,ZNF236
17738,ZNF239
17739,ZNF24
17740,ZNF248
17741,ZNF25
17742,ZNF250
17743,ZNF251
17744,ZNF253
17745,ZNF254
17746,ZNF256
17747,ZNF257
17748,ZNF26
17749,ZNF260
17750,ZNF263
17751,ZNF264
17752,ZNF266
17753,ZNF267
17754,ZNF268
17755,ZNF273
17756,ZNF274
17757,ZNF275
17758,ZNF276
17759,ZNF277
17760,ZNF28
17761,ZNF280A
17762,ZNF280B
17763,ZNF280C
17764,ZNF280D
17765,ZNF281
17766,ZNF282
17767,ZNF283
17768,ZNF284
17769,ZNF285
17770,ZNF286A
17771,ZNF286B
17772,ZNF287
17773,ZNF292
17774,ZNF296
17775,ZNF3
17776,ZNF30
17777,ZNF300
17778,ZNF302
17779,ZNF304
17780,ZNF311
17781,ZNF317
17782,ZNF318
17783,ZNF319
17784,ZNF32
17785,ZNF320
17786,ZNF322
17787,ZNF324
17788,ZNF324B
17789,ZNF326
17790,ZNF329
17791,ZNF330
17792,ZNF331
17793,ZNF333
17794,ZNF334
17795,ZNF335
17796,ZNF337
17797,ZNF33A
17798,ZNF33B
17799,ZNF34
17800,ZNF341
17801,ZNF343
17802,ZNF345
17803,ZNF346
17804,ZNF347
17805,ZNF35
17806,ZNF350
17807,ZNF354A
17808,ZNF354B
17809,ZNF354C
17810,ZNF358
17811,ZNF362
17812,ZNF365
17813,ZNF366
17814,ZNF367
17815,ZNF37A
17816,ZNF382
17817,ZNF383
17818,ZNF384
17819,ZNF385A
17820,ZNF385B
17821,ZNF385C
17822,ZNF385D
17823,ZNF391
17824,ZNF394
17825,ZNF395
17826,ZNF396
17827,ZNF397
17828,ZNF398
17829,ZNF404
17830,ZNF407
17831,ZNF408
17832,ZNF41
17833,ZNF410
17834,ZNF414
17835,ZNF415
17836,ZNF416
17837,ZNF417
17838,ZNF418
17839,ZNF419
17840,ZNF420
17841,ZNF423
17842,ZNF425
17843,ZNF426
17844,ZNF428
17845,ZNF429
17846,ZNF43
17847,ZNF430
17848,ZNF431
17849,ZNF432
17850,ZNF433
17851,ZNF436
17852,ZNF438
17853,ZNF439
17854,ZNF44
17855,ZNF440
17856,ZNF441
17857,ZNF442
17858,ZNF443
17859,ZNF444
17860,ZNF445
17861,ZNF446
17862,ZNF449
17863,ZNF45
17864,ZNF451
17865,ZNF454
17866,ZNF460
17867,ZNF461
17868,ZNF462
17869,ZNF467
17870,ZNF468
17871,ZNF469
17872,ZNF470
17873,ZNF471
17874,ZNF473
17875,ZNF474
17876,ZNF479
17877,ZNF48
17878,ZNF480
17879,ZNF483
17880,ZNF484
17881,ZNF485
17882,ZNF486
17883,ZNF488
17884,ZNF490
17885,ZNF491
17886,ZNF492
17887,ZNF493
17888,ZNF496
17889,ZNF497
17890,ZNF500
17891,ZNF501
17892,ZNF502
17893,ZNF503
17894,ZNF506
17895,ZNF507
17896,ZNF510
17897,ZNF511
17898,ZNF512
17899,ZNF512B
17900,ZNF513
17901,ZNF514
17902,ZNF516
17903,ZNF517
17904,ZNF518A
17905,ZNF518B
17906,ZNF519
17907,ZNF521
17908,ZNF524
17909,ZNF526
17910,ZNF527
17911,ZNF528
17912,ZNF529
17913,ZNF530
17914,ZNF532
17915,ZNF534
17916,ZNF536
17917,ZNF540
17918,ZNF541
17919,ZNF543
17920,ZNF544
17921,ZNF546
17922,ZNF547
17923,ZNF548
17924,ZNF549
17925,ZNF550
17926,ZNF551
17927,ZNF552
17928,ZNF554
17929,ZNF555
17930,ZNF556
17931,ZNF557
17932,ZNF558
17933,ZNF559
17934,ZNF559-ZNF177
17935,ZNF560
17936,ZNF561
17937,ZNF562
17938,ZNF563
17939,ZNF564
17940,ZNF565
17941,ZNF566
17942,ZNF567
17943,ZNF568
17944,ZNF569
17945,ZNF57
17946,ZNF570
17947,ZNF571
17948,ZNF572
17949,ZNF573
17950,ZNF574
17951,ZNF575
17952,ZNF576
17953,ZNF577
17954,ZNF578
17955,ZNF579
17956,ZNF580
17957,ZNF581
17958,ZNF582
17959,ZNF583
17960,ZNF584
17961,ZNF585A
17962,ZNF585B
17963,ZNF586
17964,ZNF587
17965,ZNF589
17966,ZNF592
17967,ZNF593
17968,ZNF594
17969,ZNF595
17970,ZNF596
17971,ZNF597
17972,ZNF598
17973,ZNF599
17974,ZNF600
17975,ZNF605
17976,ZNF606
17977,ZNF607
17978,ZNF608
17979,ZNF609
17980,ZNF610
17981,ZNF611
17982,ZNF613
17983,ZNF614
17984,ZNF615
17985,ZNF616
17986,ZNF618
17987,ZNF619
17988,ZNF620
17989,ZNF621
17990,ZNF622
17991,ZNF623
17992,ZNF624
17993,ZNF625
17994,ZNF626
17995,ZNF627
17996,ZNF628
17997,ZNF629
17998,ZNF630
17999,ZNF638
18000,ZNF639
18001,ZNF641
18002,ZNF644
18003,ZNF645
18004,ZNF646
18005,ZNF648
18006,ZNF649
18007,ZNF652
18008,ZNF653
18009,ZNF654
18010,ZNF655
18011,ZNF658
18012,ZNF660
18013,ZNF662
18014,ZNF664
18015,ZNF664-FAM101A
18016,ZNF665
18017,ZNF667
18018,ZNF668
18019,ZNF669
18020,ZNF670
18021,ZNF671
18022,ZNF672
18023,ZNF674
18024,ZNF675
18025,ZNF676
18026,ZNF677
18027,ZNF678
18028,ZNF679
18029,ZNF680
18030,ZNF681
18031,ZNF682
18032,ZNF683
18033,ZNF684
18034,ZNF687
18035,ZNF688
18036,ZNF689
18037,ZNF69
18038,ZNF691
18039,ZNF692
18040,ZNF695
18041,ZNF696
18042,ZNF697
18043,ZNF699
18044,ZNF7
18045,ZNF70
18046,ZNF700
18047,ZNF701
18048,ZNF703
18049,ZNF704
18050,ZNF705A
18051,ZNF705D
18052,ZNF705G
18053,ZNF706
18054,ZNF707
18055,ZNF708
18056,ZNF709
18057,ZNF71
18058,ZNF710
18059,ZNF711
18060,ZNF713
18061,ZNF714
18062,ZNF716
18063,ZNF717
18064,ZNF718
18065,ZNF720
18066,ZNF721
18067,ZNF726
18068,ZNF729
18069,ZNF732
18070,ZNF736
18071,ZNF737
18072,ZNF74
18073,ZNF740
18074,ZNF746
18075,ZNF747
18076,ZNF749
18077,ZNF750
18078,ZNF75A
18079,ZNF75D
18080,ZNF76
18081,ZNF761
18082,ZNF763
18083,ZNF764
18084,ZNF765
18085,ZNF766
18086,ZNF768
18087,ZNF77
18088,ZNF770
18089,ZNF771
18090,ZNF772
18091,ZNF773
18092,ZNF774
18093,ZNF775
18094,ZNF776
18095,ZNF777
18096,ZNF778
18097,ZNF780A
18098,ZNF780B
18099,ZNF781
18100,ZNF782
18101,ZNF783
18102,ZNF784
18103,ZNF785
18104,ZNF786
18105,ZNF787
18106,ZNF789
18107,ZNF79
18108,ZNF790
18109,ZNF791
18110,ZNF792
18111,ZNF793
18112,ZNF799
18113,ZNF8
18114,ZNF80
18115,ZNF800
18116,ZNF804A
18117,ZNF804B
18118,ZNF805
18119,ZNF808
18120,ZNF81
18121,ZNF812
18122,ZNF813
18123,ZNF814
18124,ZNF816
18125,ZNF816-ZNF321P
18126,ZNF821
18127,ZNF823
18128,ZNF827
18129,ZNF829
18130,ZNF83
18131,ZNF830
18132,ZNF831
18133,ZNF835
18134,ZNF836
18135,ZNF837
18136,ZNF839
18137,ZNF84
18138,ZNF841
18139,ZNF843
18140,ZNF844
18141,ZNF845
18142,ZNF846
18143,ZNF85
18144,ZNF850
18145,ZNF853
18146,ZNF860
18147,ZNF862
18148,ZNF865
18149,ZNF878
18150,ZNF879
18151,ZNF880
18152,ZNF883
18153,ZNF90
18154,ZNF91
18155,ZNF92
18156,ZNF93
18157,ZNF98
18158,ZNF99
18159,ZNFX1
18160,ZNHIT1
18161,ZNHIT2
18162,ZNHIT3
18163,ZNHIT6
18164,ZNRD1
18165,ZNRF1
18166,ZNRF2
18167,ZNRF3
18168,ZNRF4
18169,ZP1
18170,ZP2
18171,ZP3
18172,ZP4
18173,ZPBP
18174,ZPBP2
18175,ZPLD1
18176,ZRANB1
18177,ZRANB2
18178,ZRANB3
18179,ZRSR2
18180,ZSCAN1
18181,ZSCAN10
18182,ZSCAN12
18183,ZSCAN16
18184,ZSCAN18
18185,ZSCAN2
18186,ZSCAN20
18187,ZSCAN21
18188,ZSCAN22
18189,ZSCAN23
18190,ZSCAN29
18191,ZSCAN30
18192,ZSCAN4
18193,ZSCAN5A
18194,ZSCAN5B
18195,ZSWIM1
18196,ZSWIM2
18197,ZSWIM3
18198,ZSWIM4
18199,ZSWIM5
18200,ZSWIM6
18201,ZSWIM7
18202,ZUFSP
18203,ZW10
18204,ZWILCH
18205,ZWINT
18206,ZXDA
18207,ZXDB
18208,ZXDC
18209,ZYG11A
18210,ZYG11B
18211,ZYX
18212,ZZEF1
18213,ZZZ3
